time,event,p1,p2
0.0326108231872372,3,159,145.0
0.05121261817409317,3,25,182.0
0.06380115925009641,3,33,59.0
0.08534527830922578,3,149,156.0
0.1424158182214676,3,198,58.0
0.16207576769122153,3,2,146.0
0.16255307776886357,3,83,69.0
0.16353063559637046,6,46,62.0
0.16547357282496025,3,78,158.0
0.24908996500355754,3,174,50.0
0.2724129010381806,3,5,8.0
0.3307110554574365,3,79,114.0
0.3310401736678741,3,50,162.0
0.35454495465576324,3,170,64.0
0.3584366945499444,3,40,14.0
0.3872112825745463,3,44,164.0
0.4043462064697497,3,171,125.0
0.41654391226860593,3,185,63.0
0.443055442984842,3,120,64.0
0.4580646141588005,6,171,39.0
0.4861474638404963,3,123,63.0
0.5547218523219822,3,58,164.0
0.56189212568951,3,5,187.0
0.5731275659084976,3,63,39.0
0.5734167213605124,3,147,23.0
0.6052582866382827,3,185,50.0
0.6267249518485506,6,171,106.0
0.6388962999158617,3,75,184.0
0.6614295964118275,3,123,189.0
0.6679785849423362,3,78,176.0
0.740658814379209,6,151,20.0
0.7461463788964797,3,12,123.0
0.7714250497450876,3,92,89.0
0.7760172605522468,6,98,138.0
0.792914907514599,3,32,155.0
0.8118271200777641,3,43,131.0
0.8701832966290096,3,144,146.0
0.913492522412143,3,63,101.0
0.9157653879238911,3,46,78.0
0.9267485094306716,6,66,55.0
0.9294048567240782,3,181,63.0
0.9358836296418845,3,0,44.0
0.9447507911151797,3,36,69.0
0.9603285493241569,3,144,78.0
0.9667309349694923,3,36,172.0
0.9717661730717446,3,84,69.0
0.9731343319995801,3,52,140.0
0.9974352423029841,3,33,197.0
1.121648221968709,3,195,99.0
1.1324410748296816,3,71,143.0
1.1529509322281075,3,110,198.0
1.1650562133787437,3,124,82.0
1.166774762693898,3,50,188.0
1.1999033787695295,3,197,11.0
1.2102739919378172,3,163,116.0
1.21360307130927,3,144,171.0
1.2534242935737712,3,46,134.0
1.2787216395376002,3,72,36.0
1.28078117148378,6,82,25.0
1.2956360316679156,6,139,66.0
1.3227079620447515,3,114,72.0
1.3469356679256859,3,39,7.0
1.4289116533597177,3,56,42.0
1.5426493768315543,6,119,187.0
1.5862681114848356,3,59,51.0
1.6107981329529568,6,171,194.0
1.6213560012613586,6,171,92.0
1.6772383414431509,3,139,50.0
1.6949436110372653,3,187,164.0
1.769015652549972,3,64,180.0
1.7825552863174379,3,198,124.0
1.7864959213627924,3,102,1.0
1.7905082714791007,3,154,28.0
1.8164965881542123,3,114,110.0
1.830969743236914,3,54,15.0
1.8491143963572894,6,100,190.0
1.897274554862588,3,72,80.0
1.918361402047424,3,175,64.0
1.923685518467901,3,120,119.0
1.9534611365413816,3,198,128.0
1.96637583333194,3,177,193.0
1.994395564004104,6,67,197.0
2.0107708004558074,3,195,193.0
2.0123649477583156,3,41,149.0
2.018726447046764,3,76,105.0
2.0289418459485784,6,185,79.0
2.0304277750629525,3,139,110.0
2.0394666782455646,3,63,91.0
2.0473894106195116,6,31,59.0
2.0725142291613388,3,63,129.0
2.0835942392393076,3,129,72.0
2.085326416087656,3,132,65.0
2.0897223715884445,3,82,64.0
2.09078261620792,6,10,12.0
2.1083848934061,3,139,137.0
2.1164801260036006,3,196,101.0
2.1536441246306786,6,52,40.0
2.1544503549260097,3,113,58.0
2.162500466765034,3,58,35.0
2.2308718942956234,3,171,114.0
2.235267691380435,3,145,78.0
2.238296097901039,3,194,92.0
2.2637910742718317,3,83,15.0
2.2753460620406125,3,54,22.0
2.279488702995596,3,89,131.0
2.3032027582253702,3,183,32.0
2.315077016309625,3,24,95.0
2.319182276491071,6,128,198.0
2.3339638946047074,3,91,156.0
2.3605781807884596,3,119,42.0
2.3640888330021226,3,71,46.0
2.366045357404174,3,65,152.0
2.445042173381954,3,6,99.0
2.474324494924882,3,71,172.0
2.4870181344139564,3,14,59.0
2.547517315178101,6,56,45.0
2.5478305746153866,6,107,140.0
2.5635768725694885,3,130,6.0
2.6220831514142082,6,173,132.0
2.6426326171391907,3,141,13.0
2.6599345992098153,3,166,23.0
2.694834652052385,3,168,116.0
2.716241548427649,3,58,104.0
2.721146752887044,3,12,75.0
2.7406990804507734,3,137,94.0
2.7505805767527907,3,71,17.0
2.7567105214614114,3,144,100.0
2.7654012341180025,6,12,147.0
2.776385280974559,6,115,145.0
2.7875629470115237,3,121,77.0
2.814260888138481,3,53,158.0
2.831892429951923,6,119,62.0
2.837424969466489,3,153,118.0
2.842947832705785,3,112,65.0
2.8568757400857008,3,63,154.0
2.859013230579438,3,192,60.0
2.8971240132436322,3,192,12.0
2.920035710215098,3,101,150.0
2.9217997633530266,3,126,112.0
2.938164667114667,3,188,138.0
2.9689920460981227,3,185,178.0
3.0431552684047305,6,16,59.0
3.0702336340144685,3,146,58.0
3.140427536046626,3,170,171.0
3.181277475837097,6,91,41.0
3.186378123181305,3,179,38.0
3.189589846163471,3,49,12.0
3.2072264674656727,6,176,141.0
3.212698776299126,6,122,156.0
3.2214396254675854,3,99,134.0
3.23106422014922,3,53,55.0
3.239189405051305,3,55,13.0
3.2497194542364713,3,153,146.0
3.279261208854941,3,154,36.0
3.3024209868046093,3,83,131.0
3.315584874281296,3,110,131.0
3.327203414681233,3,195,136.0
3.343658319520332,3,12,198.0
3.3960470791221438,6,55,29.0
3.4201506803665027,3,36,105.0
3.4251056118069014,3,198,159.0
3.4493056471372285,3,153,33.0
3.499338049799352,6,16,77.0
3.5095093218085087,3,69,152.0
3.513278759361548,3,80,57.0
3.5185611299809825,3,73,171.0
3.5246625252530572,3,11,90.0
3.531313929158387,3,126,114.0
3.5377174819365127,3,21,84.0
3.594868110453219,3,122,100.0
3.645796204624712,3,177,10.0
3.66203309770036,3,86,1.0
3.692466256926727,3,197,60.0
3.702036949912789,3,80,188.0
3.737807013620072,3,17,50.0
3.7385664085092305,3,5,33.0
3.740152210127021,3,112,58.0
3.7682017038695554,6,122,72.0
3.794429387647812,3,78,32.0
3.8000161386938585,3,54,57.0
3.806521247796035,3,177,47.0
3.8351707334219265,3,57,153.0
3.8356250591714685,3,98,172.0
3.8716666448869717,3,167,192.0
3.94134181072877,3,162,141.0
3.9593887824443246,3,88,115.0
3.990472227090914,3,164,112.0
4.037718314078361,3,195,197.0
4.056671447695001,3,117,101.0
4.058601850598276,3,115,125.0
4.070730091048221,6,63,181.0
4.085734057277265,3,163,64.0
4.098175541877355,6,159,145.0
4.099562246690433,3,131,63.0
4.108196985490031,3,122,57.0
4.116649604650209,3,95,194.0
4.134424141815695,3,145,28.0
4.138438392543631,3,86,34.0
4.1803735396922495,3,194,183.0
4.198997263091463,3,168,149.0
4.207548877390074,3,11,74.0
4.223624915916394,3,73,46.0
4.269011670369013,3,68,188.0
4.276849422758387,3,99,113.0
4.300364276831289,3,35,45.0
4.309926411520543,3,175,174.0
4.311708601325799,3,197,88.0
4.327221720334575,6,50,114.0
4.356007252715794,3,149,114.0
4.357304926745216,3,31,167.0
4.380730680941869,6,156,126.0
4.3813546564849295,6,72,120.0
4.391566201531926,3,153,39.0
4.395625779230566,3,171,70.0
4.397510532142473,3,49,7.0
4.405981716742634,3,73,24.0
4.427086482343934,3,122,187.0
4.454003887652092,3,123,57.0
4.47076328066609,3,69,194.0
4.517112454483025,3,51,108.0
4.5310148335055995,3,186,131.0
4.531167280715513,3,75,38.0
4.544653631602797,6,22,119.0
4.5776961329538715,3,171,120.0
4.578764119778368,3,144,198.0
4.697578351134512,6,122,50.0
4.747821201684491,3,195,41.0
4.761417275783513,3,168,117.0
4.786937425041883,3,98,176.0
4.823634292484603,3,194,42.0
4.84860381093628,3,152,197.0
4.863783576869449,3,158,11.0
4.865620407071905,3,185,196.0
4.873393369551147,3,75,138.0
4.885567611140946,3,116,15.0
4.890096724589568,3,23,132.0
4.89310104910385,3,29,110.0
4.905981167957571,3,162,194.0
4.908247368338211,6,158,11.0
4.9187962964072485,6,197,168.0
4.923407904709604,3,185,36.0
4.949106716455342,3,159,184.0
4.9844541896010055,3,163,144.0
5.019470061507424,3,49,181.0
5.039640631804673,6,68,21.0
5.057473654955894,3,94,156.0
5.082594997110314,6,129,169.0
5.09818175100373,3,121,154.0
5.106999663711629,3,111,40.0
5.108383912066609,3,114,104.0
5.119721579292648,3,152,33.0
5.143473410432744,3,177,51.0
5.157203426342931,3,120,139.0
5.279051393577047,3,146,73.0
5.309307286659958,3,43,153.0
5.334427740496935,3,155,118.0
5.336606457054044,3,78,48.0
5.348855667561207,3,103,48.0
5.364425919527675,3,85,5.0
5.39407010169157,3,125,112.0
5.410786360250493,3,125,132.0
5.44593992801888,6,72,121.0
5.451112653947845,3,61,37.0
5.470252519382018,6,33,112.0
5.472383351442421,3,150,154.0
5.490409542762201,3,184,28.0
5.5216955593256545,3,136,66.0
5.551257204435553,3,19,45.0
5.552869816551939,3,171,58.0
5.601266964148502,3,49,192.0
5.6048922706352995,3,170,173.0
5.612978711424041,3,47,111.0
5.631731414808841,3,154,27.0
5.6363411880696574,3,126,155.0
5.638771054870901,3,175,39.0
5.690071086998798,3,99,88.0
5.7402244994878915,3,11,102.0
5.7890242728308205,3,121,158.0
5.792643685673404,3,65,141.0
5.822976400075535,3,46,114.0
5.827758749528057,3,195,61.0
5.840044804187014,3,174,84.0
5.855358175566149,3,63,195.0
5.862774332817381,3,89,68.0
5.894921163622729,3,97,137.0
5.914520598231172,3,170,146.0
5.93221116595539,3,147,188.0
5.947196829467697,3,99,95.0
5.960926761948705,3,26,168.0
5.969058224922629,3,155,77.0
5.975408344971522,6,114,171.0
6.007656326525647,6,171,125.0
6.048009860689818,3,117,7.0
6.053867993959103,3,104,98.0
6.071945079209262,3,120,30.0
6.115619578731345,3,149,115.0
6.148333944939316,6,125,63.0
6.181227962582675,6,188,72.0
6.184270914952972,3,68,10.0
6.1860900140207775,3,152,187.0
6.223791273033812,3,176,193.0
6.244389876405682,3,181,152.0
6.263995779396046,3,169,33.0
6.273016640215187,3,169,184.0
6.281478739790929,3,74,59.0
6.320922742309857,3,195,29.0
6.351153765837057,3,118,194.0
6.435545587804223,3,39,188.0
6.448790923294722,3,153,154.0
6.472761051005757,3,46,45.0
6.493444991491916,3,31,137.0
6.539532049264082,3,141,152.0
6.574057298667596,3,167,65.0
6.587820083756715,3,84,94.0
6.601549076897952,3,28,14.0
6.604558224971992,3,57,77.0
6.6308396532103595,3,132,181.0
6.644439656441256,3,170,188.0
6.654774117012628,3,88,135.0
6.6634835209173575,6,40,111.0
6.665372014248647,3,18,186.0
6.7015603724419215,3,183,2.0
6.727057375408938,3,189,32.0
6.737133974008476,6,32,58.0
6.750320253926829,3,114,7.0
6.753845148616484,6,172,71.0
6.815804714727721,3,131,108.0
6.8286279902792835,3,72,96.0
6.839244191126081,3,125,94.0
6.851511888241587,3,21,118.0
6.851558554058044,6,2,125.0
6.853726935774788,3,164,163.0
6.9189086242389815,3,144,1.0
6.933580594357611,3,192,36.0
6.961870151905615,3,156,35.0
6.987500024511617,3,195,199.0
7.034009573754652,3,144,72.0
7.035063737209505,3,13,43.0
7.0527207741715845,10,102,
7.065149715137273,3,29,188.0
7.09060856768579,3,29,45.0
7.101221997259609,3,154,81.0
7.102315674860551,3,109,190.0
7.122356558824805,3,74,61.0
7.138292982876525,3,178,39.0
7.152923338728687,3,84,14.0
7.169371765391218,6,114,142.0
7.1903527936134015,3,109,34.0
7.2011279732192595,6,94,84.0
7.213135081650564,6,0,40.0
7.217109634597099,3,186,49.0
7.218516212593907,1,0,102.0
7.220308544736635,3,98,181.0
7.237111323056511,3,81,169.0
7.238970259726079,3,109,198.0
7.264439897158991,1,72,102.0
7.271256840047898,6,152,181.0
7.288462263516575,3,181,151.0
7.289354937524708,3,80,75.0
7.291925397243226,6,164,163.0
7.297726727826649,3,196,139.0
7.339451334050792,3,180,162.0
7.427047048065539,3,17,117.0
7.43698046853766,6,48,120.0
7.471341844966562,3,14,15.0
7.480720026373096,3,192,16.0
7.5145784093817625,6,129,168.0
7.5192957365933255,3,125,130.0
7.533700374914469,3,108,70.0
7.5467731797300335,10,72,
7.551404017591411,3,114,55.0
7.567769823171098,3,23,195.0
7.605995231034238,3,31,32.0
7.645973512823825,6,171,170.0
7.676179347143218,3,117,97.0
7.677836127119628,3,76,149.0
7.683311471683361,4,102,129.0
7.6848462207062145,3,142,98.0
7.686284013141149,6,100,152.0
7.698178247035565,3,169,63.0
7.705934558790884,3,120,39.0
7.711568533911174,7,162,72.0
7.731270410470389,7,172,72.0
7.753962941439762,6,137,97.0
7.774957945729533,3,155,132.0
7.778138211751556,6,173,178.0
7.778684943489172,6,34,127.0
7.7862025097746,3,35,108.0
7.817574838168468,7,102,129.0
7.817693116777748,3,131,36.0
7.891047746974312,3,55,111.0
7.9096010268645225,3,160,11.0
7.911689537288175,3,114,180.0
7.97252953473666,3,134,0.0
8.022146382732007,3,187,79.0
8.043634006386366,3,63,162.0
8.066348207905508,3,123,39.0
8.07417535933522,3,13,131.0
8.112015887803196,6,194,69.0
8.137557514234421,3,156,85.0
8.138016607454746,1,96,72.0
8.150395375820045,3,142,116.0
8.161292549420363,3,198,194.0
8.171542497061633,3,35,181.0
8.20076481248897,3,46,85.0
8.202351057996177,3,137,132.0
8.208240133528378,6,36,159.0
8.218688893503657,6,85,146.0
8.237466521136612,3,58,32.0
8.31374822384849,3,179,108.0
8.318570127669267,3,11,43.0
8.338027408551334,3,175,90.0
8.349852250774882,6,43,98.0
8.387320069736635,6,155,126.0
8.421717239197577,3,132,98.0
8.424314572384047,1,179,102.0
8.441979080145076,6,98,181.0
8.444278325853931,3,143,84.0
8.454645468893306,3,100,193.0
8.45586822834211,3,57,89.0
8.485298795042077,3,95,57.0
8.485514156308211,3,80,191.0
8.497559784501274,3,61,144.0
8.5194358002022,6,156,91.0
8.520180742967206,3,27,45.0
8.525287336514106,6,35,164.0
8.538026400087904,3,146,31.0
8.553146098549181,1,80,72.0
8.566561580713971,3,71,188.0
8.567182691623065,3,82,117.0
8.56980122468586,3,144,66.0
8.599447916751098,3,36,92.0
8.601478713869462,3,146,145.0
8.602068844869429,6,16,192.0
8.616399329657137,3,176,66.0
8.639408238807183,7,72,114.0
8.67075242495169,3,179,131.0
8.685494037050086,6,95,24.0
8.704670983565894,3,152,143.0
8.706253906110545,3,51,143.0
8.709484768719172,6,50,188.0
8.778710292740085,3,39,154.0
8.807688808608162,3,103,92.0
8.822752142078501,3,47,92.0
8.92698899619157,7,129,72.0
8.93114282621485,3,20,35.0
8.931723711454952,3,96,170.0
8.9695368566937,3,154,62.0
8.979875371695023,3,76,29.0
9.061834355888791,3,175,162.0
9.077946651708912,3,151,85.0
9.090376757214756,6,179,97.0
9.100587862107753,3,125,46.0
9.145969131524794,3,132,9.0
9.164581159432398,3,31,81.0
9.188032382091913,6,40,149.0
9.193090584768589,6,40,171.0
9.22904803877168,3,51,156.0
9.267221767254563,3,108,134.0
9.275524695292518,3,35,176.0
9.28477303806488,6,61,134.0
9.30470865579627,3,159,33.0
9.307323393432709,6,95,194.0
9.312343452955998,3,36,159.0
9.32601672424226,3,169,183.0
9.336523669737943,3,131,40.0
9.359387745918484,3,36,96.0
9.360083987490158,3,138,179.0
9.372076856635436,6,163,65.0
9.388482400134798,6,45,66.0
9.39069566309313,3,15,92.0
9.404820841131151,6,14,2.0
9.407249432826527,3,186,173.0
9.414335676924528,3,12,134.0
9.417328002943723,9,80,
9.424365221480805,6,117,145.0
9.429655242551075,3,70,11.0
9.443357858830089,3,31,100.0
9.446151812433826,6,149,163.0
9.449348702254008,3,152,158.0
9.452411647166326,3,192,194.0
9.457728313856869,3,195,156.0
9.46618356953527,1,75,80.0
9.498157508337828,6,156,71.0
9.500318413515524,6,184,132.0
9.516844047582072,6,168,117.0
9.536653064882678,3,71,96.0
9.53977825558887,3,66,12.0
9.576018810732904,10,75,
9.599754812210108,7,80,135.0
9.606779667218477,3,166,14.0
9.63226042533566,6,87,58.0
9.662463460769056,3,117,42.0
9.66256588003455,3,74,181.0
9.671512065148201,3,81,122.0
9.682071363937851,3,77,94.0
9.686643070920356,1,138,75.0
9.7062212718151,3,97,159.0
9.714693356688839,7,102,179.0
9.726273163791328,1,100,72.0
9.734747711881857,3,123,95.0
9.748259992554237,3,158,59.0
9.777944981672546,3,191,145.0
9.778270763571944,3,2,160.0
9.796729888114607,6,59,33.0
9.843083270782218,1,191,80.0
9.850755493690794,3,100,176.0
9.856009407255403,3,64,59.0
9.884768679809412,3,64,176.0
9.901448984457149,3,57,119.0
9.910893567053042,3,39,81.0
9.931119478647366,3,112,2.0
9.952965701562922,3,121,0.0
9.958211672612785,6,97,159.0
9.987245218449141,3,12,172.0
10.004996926693563,6,120,69.0
10.035277668087186,6,55,114.0
10.039499427050853,3,88,12.0
10.071929770182555,6,73,171.0
10.076716671571157,6,64,170.0
10.107345982138396,3,139,172.0
10.109124326397792,3,95,115.0
10.124768993377122,3,153,164.0
10.159941368560697,3,24,95.0
10.160364907673898,3,129,143.0
10.174372704871129,3,82,83.0
10.190351206757335,3,197,138.0
10.192946626743218,3,85,130.0
10.202836203518535,3,145,32.0
10.286687665720434,3,26,114.0
10.309484519697648,3,57,163.0
10.310948259394356,3,179,146.0
10.314716396379575,3,46,185.0
10.322471478182122,2,102,
10.351380184775406,3,114,199.0
10.389431693384184,3,114,2.0
10.396464067799803,3,139,175.0
10.488636933060937,3,118,146.0
10.51216182714936,3,15,172.0
10.526979034538979,6,40,108.0
10.547986594405552,3,114,78.0
10.549810009933369,3,156,58.0
10.557467472859692,3,163,120.0
10.60441433361932,3,84,167.0
10.607377578401348,9,100,
10.612515307119398,6,175,39.0
10.628739365034154,3,35,27.0
10.629867144354192,3,47,8.0
10.637099219896045,3,70,159.0
10.641825022339537,3,169,133.0
10.647499288771698,6,176,35.0
10.650552760293362,6,114,184.0
10.665028071143361,3,106,53.0
10.673791194699378,3,133,92.0
10.693212536562374,3,150,178.0
10.695848906501968,3,168,153.0
10.702587826284917,1,31,100.0
10.70696820123755,6,114,169.0
10.753705594096104,3,99,192.0
10.7602247563705,3,32,66.0
10.799791743330013,7,72,108.0
10.852860719004704,6,131,110.0
10.855117422677624,3,108,11.0
10.859717839396952,2,75,
10.872176445750743,3,27,79.0
10.890258425442743,3,131,154.0
10.908807259905908,3,16,21.0
10.935600641569813,3,15,125.0
11.028662364105948,1,144,100.0
11.101259988534652,3,32,175.0
11.103542502500355,3,25,138.0
11.12431892640604,2,72,
11.154421906096148,3,64,125.0
11.171922024382575,3,89,64.0
11.174428824805835,6,97,156.0
11.178304484423336,3,87,38.0
11.20977505517897,3,158,120.0
11.20997355910988,3,99,110.0
11.210320344414773,3,156,144.0
11.212958854212609,3,45,135.0
11.213177009808241,3,195,73.0
11.242106271434912,7,100,122.0
11.244198159088489,3,95,34.0
11.277675068067504,3,101,99.0
11.28060085795636,3,153,98.0
11.29222999748399,3,81,108.0
11.30329885060249,7,178,80.0
11.359570975953261,6,71,96.0
11.380668080875202,3,54,129.0
11.413948023937253,1,176,100.0
11.425154405797258,3,138,50.0
11.46597555905019,3,130,35.0
11.467223995013141,3,34,18.0
11.491425783071692,3,141,155.0
11.49219602349553,3,149,60.0
11.493549719486355,3,4,97.0
11.550271586083872,3,72,63.0
11.556631821258593,3,159,71.0
11.576200728402469,3,38,39.0
11.578072470456544,3,157,164.0
11.583636931449245,1,5,100.0
11.645753588492685,3,158,125.0
11.663450068446489,3,43,144.0
11.665786682808283,3,159,72.0
11.684419455974187,3,12,148.0
11.746805681397788,6,66,68.0
11.817409677791057,3,123,26.0
11.842300220504995,6,131,185.0
11.844775493021404,4,185,100.0
11.849341732929691,3,90,89.0
11.859729975269268,3,188,42.0
11.864672226432141,3,42,115.0
11.90379570453952,3,59,168.0
11.934157219513912,6,171,95.0
11.979233369560543,3,155,197.0
11.990300135276494,6,151,94.0
12.01716850694125,3,39,31.0
12.031284284145213,10,179,
12.060241195970281,3,105,81.0
12.09148417111512,3,114,134.0
12.106654286054422,3,63,33.0
12.120802523867107,3,176,32.0
12.137989337213726,7,35,179.0
12.148577445477196,1,38,179.0
12.17070677552738,10,96,
12.186348730581797,3,72,65.0
12.211375277541746,3,1,184.0
12.234762177587346,1,142,96.0
12.238452481816758,6,83,69.0
12.244910420123752,3,64,50.0
12.279046181021695,9,31,
12.295626991153142,1,21,179.0
12.296078362761405,3,40,18.0
12.303581251392693,3,176,79.0
12.314496032921976,6,28,157.0
12.318403712619915,3,14,163.0
12.328600542730497,3,127,84.0
12.328955356652973,3,134,78.0
12.331422555680247,3,154,97.0
12.392820248251676,3,169,17.0
12.404049676319296,3,29,194.0
12.424369922202786,3,75,116.0
12.425356699378577,6,155,129.0
12.44557093026093,3,38,178.0
12.461078696070446,3,39,133.0
12.478771416184639,9,21,
12.479164604726979,1,150,96.0
12.483905571517184,3,64,45.0
12.52589158894701,3,90,128.0
12.556531086583377,7,31,88.0
12.580855425110439,4,100,168.0
12.582992280469073,1,134,179.0
12.593232057415014,3,152,58.0
12.614878033121201,3,129,158.0
12.617048299869655,6,128,59.0
12.663878198726294,1,12,96.0
12.668829876797318,3,53,165.0
12.704183187302336,3,58,121.0
12.725458453840332,3,159,99.0
12.726467865823789,3,11,98.0
12.727433865402185,7,28,21.0
12.738880505956017,3,72,16.0
12.773520779829717,1,123,96.0
12.823288519733284,3,187,94.0
12.824096006787313,3,56,168.0
12.843839233023832,10,142,
12.850228974451381,1,20,96.0
12.85402500452253,3,172,141.0
12.866273296728883,3,29,95.0
12.895517700546604,7,21,16.0
12.913901867543405,3,23,30.0
12.923061386475213,3,37,92.0
12.966587453223115,6,134,114.0
12.975862043889919,3,137,14.0
12.987647262669345,1,107,80.0
13.012191792836825,3,14,135.0
13.03525776218857,3,56,33.0
13.037947975340341,3,156,37.0
13.048899651543271,3,176,198.0
13.08053534287904,7,39,31.0
13.08958060777318,9,38,
13.098469750017598,3,24,138.0
13.107070860336288,3,42,29.0
13.108530794650735,3,156,67.0
13.113313433918243,3,135,78.0
13.116534970471047,7,100,168.0
13.125350620858697,3,37,99.0
13.139470068084151,3,180,55.0
13.142216926874076,3,126,93.0
13.142721192218927,3,152,173.0
13.16821969530236,3,163,169.0
13.219201347878705,6,28,19.0
13.239183363201258,3,197,157.0
13.249044238282252,1,149,21.0
13.254835019124869,9,191,
13.273901184931008,3,173,102.0
13.29869062959645,3,147,73.0
13.304162765756864,3,168,123.0
13.313076576696675,3,102,185.0
13.33861464092201,3,39,137.0
13.356657709855687,6,23,50.0
13.360633097291814,1,74,31.0
13.369303023954163,6,134,78.0
13.383357421063877,3,171,49.0
13.392590705349114,9,134,
13.393716377499906,3,175,71.0
13.397121523199832,3,18,63.0
13.417322742172795,3,156,99.0
13.450128128583724,3,164,180.0
13.45098221164795,7,134,99.0
13.480137889142524,1,34,191.0
13.487071120149816,3,47,187.0
13.493818117843356,1,87,38.0
13.516576916617824,3,6,93.0
13.524258413961102,1,188,134.0
13.526170840198743,6,192,105.0
13.55070290896185,7,170,96.0
13.607199391535303,3,118,65.0
13.62115327700428,3,133,60.0
13.629579741041235,3,30,22.0
13.630577973016504,3,13,74.0
13.642386846461463,3,169,15.0
13.643474522539853,3,152,89.0
13.656351998137387,1,180,31.0
13.685913709243922,3,70,154.0
13.749504790315772,3,112,24.0
13.775164098767132,3,89,156.0
13.779554963126088,6,120,158.0
13.794711787814249,3,47,20.0
13.804157048528175,6,109,6.0
13.80462484215537,6,18,158.0
13.848600395960359,1,135,96.0
13.849809306358983,6,97,117.0
13.851895226702645,3,36,168.0
13.854531842554046,7,96,12.0
13.876494372453582,3,141,36.0
13.878488837209348,3,162,28.0
13.92835818834638,3,58,78.0
13.937398441308474,9,34,
13.946413466153093,3,129,88.0
13.95092758967871,3,109,48.0
13.951003236506248,1,39,191.0
13.951517257987604,1,81,31.0
13.973792377073465,3,108,116.0
13.978562147141037,7,80,114.0
13.979818942347194,4,29,31.0
13.985614166518447,3,176,102.0
13.994923481568577,6,197,135.0
13.99685278112268,3,83,3.0
14.004350660477996,3,181,119.0
14.021482008368276,3,65,196.0
14.045238353210244,9,74,
14.052508998116943,7,21,81.0
14.053628996538269,3,188,4.0
14.068428028130123,4,74,180.0
14.080493381004965,1,121,74.0
14.113252308052571,3,176,92.0
14.130496224900005,1,181,74.0
14.131417502102737,3,33,120.0
14.131575271862927,3,63,178.0
14.140488160623395,3,12,158.0
14.142245137039442,3,71,129.0
14.159729179237605,3,172,1.0
14.175513061066258,3,140,182.0
14.179824296739731,3,162,122.0
14.187735681165812,7,165,134.0
14.213926002382427,7,84,21.0
14.219126180194447,3,76,102.0
14.231571171681653,7,138,31.0
14.237958189863832,2,134,
14.252448619059818,3,71,102.0
14.253487333186845,3,66,71.0
14.269260211980844,3,75,120.0
14.272688763604132,9,188,
14.277695479167619,1,85,179.0
14.279549242651349,7,72,80.0
14.285810168407972,3,94,39.0
14.356032561141962,3,23,162.0
14.368470921043324,1,8,74.0
14.415520860797633,6,194,162.0
14.424182322004445,3,39,59.0
14.427960152898082,7,68,188.0
14.451424349044723,7,32,31.0
14.460927399380083,3,50,152.0
14.484760467235724,3,37,199.0
14.496497493083416,9,149,
14.50499699465539,3,49,0.0
14.548785715994988,7,156,31.0
14.558899791669115,7,31,42.0
14.57969711265882,1,163,188.0
14.583989992925156,7,188,138.0
14.586137373230294,3,196,92.0
14.594940927228707,6,126,178.0
14.601213457171406,3,45,16.0
14.620335167089834,3,108,39.0
14.629369721998632,3,174,129.0
14.682004801082373,3,169,39.0
14.70126856393136,3,192,28.0
14.704248511642538,1,168,149.0
14.711971471690035,7,181,34.0
14.712833309477729,6,98,172.0
14.722378926745204,3,184,155.0
14.722636771983508,3,141,187.0
14.739772030911958,7,31,52.0
14.744533127872765,3,164,47.0
14.74890525750134,3,192,66.0
14.74902435610507,10,39,
14.750381313918135,3,150,97.0
14.754429079652114,6,12,158.0
14.75892791024737,3,132,178.0
14.76951864270023,7,5,100.0
14.770829090082321,7,144,39.0
14.772307336893794,7,39,154.0
14.780355143114882,1,133,39.0
14.79395950222268,2,191,
14.797178354536312,3,195,177.0
14.80879964125387,3,135,152.0
14.810447327951167,7,100,117.0
14.81797451030158,3,132,7.0
14.81891414482854,7,39,153.0
14.834748602383671,7,168,34.0
14.844938677966075,3,33,110.0
14.863861718650737,3,104,50.0
14.868100076105666,1,117,34.0
14.868810197579581,7,59,39.0
14.868811923298335,3,13,90.0
14.872952531271064,8,21,179.0
14.896380286030675,1,41,188.0
14.91367307932166,3,26,71.0
14.919391860503087,3,171,90.0
14.924204894872263,7,179,131.0
14.931500714542949,7,72,96.0
14.974238927152083,1,124,39.0
14.98299156595904,3,133,63.0
14.998633110326335,1,24,179.0
15.01468893905536,6,189,163.0
15.033099298148207,9,107,
15.043301965970773,5,149,179.0
15.049194349998242,6,152,158.0
15.062448387126782,7,156,149.0
15.062916731679021,3,185,129.0
15.064635816790616,6,192,59.0
15.065321823569082,7,96,51.0
15.076439240941985,1,13,74.0
15.090535190633402,7,163,188.0
15.100617064604252,1,137,39.0
15.104172729354051,6,172,12.0
15.120041360317117,10,81,
15.125094779353153,3,153,194.0
15.128257737190717,3,121,68.0
15.138766356401783,6,114,78.0
15.165231393812558,6,114,7.0
15.187397126714533,3,63,99.0
15.190301854538452,1,183,96.0
15.205810086285865,9,163,
15.253784977415906,3,181,50.0
15.255932560659708,3,166,28.0
15.2912631074516,3,150,156.0
15.300546872647045,1,140,39.0
15.31460674207601,7,107,176.0
15.317752573587853,1,83,188.0
15.322073189030153,7,71,188.0
15.358008647689624,10,135,
15.36092717826784,3,184,45.0
15.36321199246824,2,100,
15.367653641170447,3,95,187.0
15.385851313615024,10,176,
15.398280773629903,1,60,96.0
15.404083672097206,6,197,155.0
15.404609568464467,7,80,75.0
15.410316026352483,7,179,180.0
15.444854207487813,3,73,33.0
15.462602159768624,3,118,63.0
15.467689475906816,6,43,11.0
15.4701263360195,7,31,29.0
15.47825823200491,2,135,
15.486850998142936,7,62,163.0
15.492017897362196,7,188,17.0
15.518564201381272,3,159,17.0
15.526261185457457,3,45,110.0
15.536901264515881,1,67,39.0
15.55988898454799,2,81,
15.565203479833105,6,118,63.0
15.572810750225722,1,59,188.0
15.605576270057611,3,114,198.0
15.61488033958959,3,15,144.0
15.62039036872224,7,39,137.0
15.623184046956558,1,95,163.0
15.649472049708354,1,36,96.0
15.65402356220789,6,147,23.0
15.660617610111714,6,137,132.0
15.688376225280138,6,47,45.0
15.692259892681484,1,73,39.0
15.786474295975468,3,47,134.0
15.804077612036806,4,34,159.0
15.809921170080209,3,154,175.0
15.81017588569113,3,108,118.0
15.81399430094707,6,110,94.0
15.819469683325773,9,133,
15.824525165898017,3,195,171.0
15.847693429346766,7,163,120.0
15.857612998825143,10,73,
15.872580707874334,7,39,94.0
15.891725547078615,3,84,26.0
15.893405506074396,7,38,186.0
15.897827035553043,3,175,105.0
15.911146166653431,7,52,73.0
15.922853811539163,3,169,166.0
15.951093831152692,1,158,34.0
15.951730828700079,3,62,15.0
15.956115554853595,3,130,68.0
15.960979910286579,7,92,176.0
15.961829346899783,6,63,99.0
15.968632460146656,6,71,159.0
15.96933165684912,4,188,92.0
15.981634922088878,6,144,43.0
15.98429469334974,3,154,136.0
15.985575966093553,3,59,57.0
15.992355963304542,10,0,
15.993305440339245,1,189,21.0
15.997485540516895,1,116,96.0
16.009071058882498,6,59,48.0
16.00925159553602,9,83,
16.041655179247673,3,187,118.0
16.044586862420037,7,137,31.0
16.060440201886323,3,138,29.0
16.068562226361493,6,68,183.0
16.094580127592828,1,169,39.0
16.11798406831185,6,117,140.0
16.124819796816745,10,144,
16.14585342605034,6,172,59.0
16.176991284336136,3,44,77.0
16.188057743402233,7,163,122.0
16.196617041018335,1,66,144.0
16.226161233742925,3,113,150.0
16.22981017786399,4,179,153.0
16.242584264575722,7,100,144.0
16.254165651155517,3,145,152.0
16.260660078081273,3,135,28.0
16.292705884836785,1,170,73.0
16.29674280688207,3,8,43.0
16.300922925882848,3,15,33.0
16.308806413267785,10,138,
16.312150984646546,7,24,138.0
16.33567518266654,6,40,120.0
16.354599944987072,7,140,138.0
16.359948576210193,3,50,12.0
16.364335769203805,6,25,23.0
16.38452555075487,3,108,171.0
16.402619365508258,7,73,33.0
16.40971614474327,3,5,35.0
16.4137346494335,4,86,188.0
16.42837666793336,3,100,126.0
16.434799293706632,7,176,100.0
16.443495981810024,6,64,59.0
16.452428031511953,3,87,196.0
16.46753321384575,7,31,180.0
16.479087685912184,3,29,98.0
16.481819280214783,3,37,35.0
16.48502374945682,3,69,77.0
16.500897835687162,3,197,114.0
16.507040404609565,7,176,171.0
16.52016141978729,3,155,88.0
16.522790277821297,3,114,137.0
16.532677604827295,1,193,176.0
16.546427490964422,3,186,71.0
16.553091809609363,9,13,
16.55690062152449,3,105,191.0
16.576365951728427,3,100,18.0
16.576518414663735,3,134,127.0
16.576695477374194,3,45,169.0
16.577181203899094,3,41,89.0
16.59257089467645,6,122,2.0
16.637888469777977,3,106,181.0
16.689190912712363,2,34,
16.690457041177773,1,104,138.0
16.696883150531058,3,108,117.0
16.701871847443805,7,163,166.0
16.702043042526295,2,138,
16.716991192294433,3,44,64.0
16.72145850952542,3,46,94.0
16.72801866594566,6,114,110.0
16.730487706311298,1,120,39.0
16.736214572349347,7,144,171.0
16.75517913442003,3,141,170.0
16.758833903338825,9,8,
16.759227252671202,6,43,131.0
16.768585838350578,1,114,13.0
16.773076213505714,7,178,38.0
16.77761817523214,7,198,176.0
16.797817464035404,6,45,28.0
16.807770472409864,1,15,144.0
16.886680494717503,3,154,103.0
16.90573422994691,7,198,144.0
16.908944213603952,1,64,176.0
16.910563266780024,1,57,163.0
16.92834291658899,3,65,173.0
16.940677349025133,3,5,119.0
16.957459291741014,7,163,95.0
16.95792113601315,7,133,92.0
16.967571847850564,7,176,66.0
16.977912327277796,3,198,32.0
16.994444560753045,3,145,184.0
17.000210122962567,3,124,45.0
17.0310034070726,10,193,
17.037986978112848,10,41,
17.04841822659215,3,195,120.0
17.061627663690366,4,163,46.0
17.08636405885474,1,30,107.0
17.08915117421537,7,129,80.0
17.100205144165027,9,158,
17.105082690407944,4,195,96.0
17.107163157839338,7,163,116.0
17.108051345498012,10,120,
17.11981730981901,1,10,0.0
17.121277639916222,3,156,68.0
17.15175745101123,1,98,8.0
17.158672681344324,7,121,158.0
17.171311947921016,6,29,194.0
17.188813791716306,1,131,133.0
17.19467184971735,3,180,168.0
17.21868744027518,6,118,108.0
17.233194677472895,4,175,80.0
17.238785382074173,9,57,
17.23879230773312,7,164,107.0
17.249288588014856,6,35,121.0
17.255808913049957,3,24,125.0
17.262887261772843,6,12,66.0
17.266551635987057,1,44,0.0
17.292043557309704,3,97,112.0
17.307284485703878,1,92,13.0
17.313273914398447,3,199,170.0
17.328908106800448,3,169,84.0
17.330901892789647,1,42,163.0
17.335335383033723,3,129,12.0
17.361058741549392,3,102,146.0
17.361607882008343,1,108,179.0
17.367748631573033,7,39,7.0
17.368018368577747,3,50,102.0
17.368561145494823,6,29,118.0
17.37855966681172,5,38,149.0
17.383654543877746,7,83,11.0
17.398494346340424,1,160,120.0
17.40138370911121,7,122,8.0
17.42977018964605,3,18,16.0
17.429977587586148,7,120,33.0
17.446022899422577,2,57,
17.449671220534682,10,117,
17.450292577623863,1,37,74.0
17.462106167223933,3,84,18.0
17.485521882309687,7,179,108.0
17.489609132093506,7,60,120.0
17.491904890179693,1,61,74.0
17.498008883635315,7,31,16.0
17.512481361298676,3,60,110.0
17.519881254512708,3,124,20.0
17.526081816181296,1,17,41.0
17.534770610191302,7,74,17.0
17.549275196068226,6,185,130.0
17.568173230451237,3,135,196.0
17.593291616424608,3,67,104.0
17.593411018556694,6,168,123.0
17.594622987500262,3,95,175.0
17.59601108521697,9,137,
17.60487726433133,1,172,142.0
17.609703644174928,10,181,
17.610214553079985,3,90,69.0
17.63468761790138,10,5,
17.640476631065393,7,169,163.0
17.642121391909043,7,120,64.0
17.661492460139495,3,76,129.0
17.687142781663088,2,149,
17.69215783742364,7,99,179.0
17.707954200455,10,140,
17.709444223273614,2,96,
17.723794820743006,1,97,5.0
17.726024799442705,1,79,176.0
17.72786188994598,1,63,39.0
17.73096299704483,1,16,137.0
17.7331965981563,1,126,193.0
17.736721505865685,3,68,93.0
17.748033333170863,7,158,125.0
17.76164366178403,3,143,30.0
17.770066621651416,2,80,
17.775639113365134,3,138,94.0
17.794028172092894,7,170,73.0
17.799353746973107,1,156,144.0
17.804062480860274,7,57,163.0
17.80495612625252,9,61,
17.805977236808545,10,180,
17.81273825529861,7,144,66.0
17.825970420199994,3,131,46.0
17.842788981558815,4,163,149.0
17.85196269788653,1,3,83.0
17.856571716467325,3,170,22.0
17.857966613032758,7,176,98.0
17.859643492549363,6,197,33.0
17.872968085169493,6,197,139.0
17.88251904561218,3,169,160.0
17.892306761102816,3,55,20.0
17.906803693796515,1,186,8.0
17.910861873762126,1,88,181.0
17.91130969983874,7,180,64.0
17.93005449881713,1,32,179.0
17.947400991489896,10,104,
17.951291029568885,3,172,129.0
17.960399813150655,7,78,176.0
17.97404841345604,6,28,184.0
17.982701674643895,4,163,67.0
17.988343249875946,10,64,
17.992830298188412,7,104,196.0
17.99491890932577,7,120,124.0
17.999328631000036,10,124,
18.026925795305075,7,188,59.0
18.02853381038752,5,124,117.0
18.03706856229169,3,69,123.0
18.038396467900636,3,35,185.0
18.051372292079094,1,7,117.0
18.059249781671493,7,176,102.0
18.067692714642572,5,163,73.0
18.075318437173987,1,112,104.0
18.098799455131818,3,63,11.0
18.100323265185867,1,82,124.0
18.109319980946715,1,187,5.0
18.123294020265213,7,169,133.0
18.12412525827129,3,131,35.0
18.14166704277271,7,59,158.0
18.16989372925464,1,175,64.0
18.205310676855806,1,151,181.0
18.205722436637117,4,104,84.0
18.21439180411099,10,82,
18.21460222076283,6,169,42.0
18.229954662753013,3,169,197.0
18.23770852866094,3,129,198.0
18.237831488182017,1,153,179.0
18.24060475495728,7,82,198.0
18.259748707467974,9,108,
18.267623421346535,1,1,158.0
18.278432396880078,7,94,82.0
18.285006934937595,3,9,122.0
18.288999801272332,1,23,179.0
18.319684208944956,7,152,180.0
18.323391467930396,3,50,11.0
18.324389491286524,1,164,13.0
18.335490689387,3,97,84.0
18.36055938641666,1,51,120.0
18.364792573832457,6,197,114.0
18.367499529742233,6,170,141.0
18.37000152373508,3,84,131.0
18.407626764844597,1,162,180.0
18.411627743687397,7,96,142.0
18.420123951724285,7,164,13.0
18.439938453480348,1,136,133.0
18.44142230748792,3,114,14.0
18.446493067495137,4,198,181.0
18.44792042615612,6,88,129.0
18.449322862658285,1,192,64.0
18.470101436154486,9,150,
18.47383011445664,1,33,142.0
18.48211653086108,1,4,193.0
18.494297590146658,3,30,106.0
18.497140662809258,7,63,39.0
18.50379561795207,1,118,21.0
18.5075027738569,6,165,24.0
18.516733311256036,3,54,162.0
18.520603990620156,1,45,41.0
18.535945951445854,3,89,160.0
18.544789692549674,7,15,133.0
18.562269974779714,1,147,188.0
18.576816406878773,7,124,20.0
18.576960991263658,3,125,114.0
18.58177469079095,7,68,140.0
18.585200193748832,3,68,138.0
18.593232950890258,7,140,109.0
18.609499001924195,10,1,
18.612086612854704,3,57,72.0
18.61425470122352,7,180,114.0
18.618788114566225,7,179,85.0
18.63714060179815,1,194,38.0
18.64177566504729,3,17,66.0
18.648304236164424,1,53,61.0
18.65203957316634,7,176,175.0
18.65558217023177,6,172,141.0
18.669810345836567,1,146,64.0
18.698431241336962,7,72,124.0
18.705290673238476,7,114,104.0
18.706554771037503,4,163,155.0
18.72599655689754,1,190,5.0
18.729920692113858,7,156,144.0
18.746388375733055,9,66,
18.74927197988376,3,37,47.0
18.751062072481503,3,11,168.0
18.752331526926863,3,17,102.0
18.757267637768905,3,94,18.0
18.77712857404525,3,96,134.0
18.782292041262952,7,179,24.0
18.80105322232261,7,31,167.0
18.804226307008463,1,184,1.0
18.814813786163757,7,66,136.0
18.833120843082835,5,1,21.0
18.83774772817536,7,107,149.0
18.857182112920906,1,106,181.0
18.864256950245167,4,168,74.0
18.877995354743277,7,176,32.0
18.890622144303748,2,140,
18.896786385545358,9,156,
18.913534687612586,7,17,66.0
18.943837486444494,3,173,30.0
18.945638411324513,7,5,85.0
18.952623246211395,6,185,63.0
18.976002597146547,7,178,39.0
18.97818061909259,4,59,158.0
18.98280387420935,3,113,23.0
18.984505595687196,7,39,16.0
18.988139394877756,3,162,161.0
19.001293823101594,7,35,181.0
19.009068013839638,1,71,66.0
19.01431642971789,1,55,13.0
19.045095218390596,9,183,
19.05033344715464,1,113,150.0
19.069261487084837,7,78,66.0
19.07016056511373,2,31,
19.078800063206288,6,12,123.0
19.082522315400062,3,45,130.0
19.10286835413584,1,94,188.0
19.114523517372984,3,129,159.0
19.13205130651343,2,61,
19.134530382856173,1,119,181.0
19.14121109213704,1,68,156.0
19.142347190363175,7,89,64.0
19.151978112342345,7,66,160.0
19.185184074559746,6,134,96.0
19.196767356589582,6,115,55.0
19.202449446278166,1,2,183.0
19.20695701400974,3,78,138.0
19.208471857664,7,171,108.0
19.23697037595257,5,144,39.0
19.256716219179857,3,63,182.0
19.284884976818557,3,99,197.0
19.286890311529923,1,173,117.0
19.296605350068518,5,41,117.0
19.304876882143162,6,44,99.0
19.324327463896232,1,70,21.0
19.335958026437762,3,168,166.0
19.34968668261405,6,29,110.0
19.351231001677775,3,103,141.0
19.365285401705002,6,152,58.0
19.39219766240717,7,67,156.0
19.39534241705475,7,41,149.0
19.396336374609657,7,163,155.0
19.3974347376431,7,163,67.0
19.40420839944815,1,35,108.0
19.416912649761382,7,179,149.0
19.42595866857709,1,26,150.0
19.439184536439768,3,67,174.0
19.446101478234755,1,49,181.0
19.45152771878004,3,31,197.0
19.465004322305493,7,58,156.0
19.480450592089294,3,101,97.0
19.50055231969591,7,163,14.0
19.50208207616849,1,178,150.0
19.50720716805385,3,148,151.0
19.526113817671295,10,194,
19.529618774284227,3,55,114.0
19.531521676403564,1,89,156.0
19.532754365366976,3,112,32.0
19.534597918072254,1,69,108.0
19.537145752637414,7,23,179.0
19.55141792791836,9,116,
19.557153616953705,7,46,73.0
19.567286201262647,10,123,
19.571786904969542,7,156,35.0
19.5777264836245,10,95,
19.58420495467974,3,177,63.0
19.606629582651923,3,128,33.0
19.632774707606004,10,24,
19.67899609286554,7,85,73.0
19.69375130321245,2,163,
19.69988297982266,3,173,131.0
19.702683980009446,10,71,
19.705136847279977,3,175,148.0
19.706062735819557,7,64,76.0
19.7201730423304,7,2,71.0
19.72721137684385,1,171,120.0
19.74757079348613,3,92,17.0
19.75115528778339,6,80,42.0
19.754246977074583,4,24,84.0
19.767781673178852,1,129,71.0
19.76977202490871,3,132,141.0
19.818594670543884,7,51,120.0
19.8205054082256,9,112,
19.828159700797784,1,139,120.0
19.843562531025473,2,95,
19.905777817466255,1,47,0.0
19.91093510234976,3,9,15.0
19.91188243278318,7,179,138.0
19.918997008684368,6,63,72.0
19.93339294029643,7,123,125.0
19.935758573773363,1,18,142.0
19.944692315960914,7,176,20.0
19.95089639490427,7,192,64.0
19.954103168409624,3,185,135.0
19.958216543488042,10,106,
19.966793346760483,7,140,71.0
19.96907080146773,3,30,196.0
19.97044497219607,7,175,71.0
20.00306243307377,7,39,172.0
20.0041710289732,7,122,107.0
20.013764879350077,7,149,21.0
20.03174709143375,1,159,5.0
20.050827065129038,3,134,14.0
20.05460811552968,10,178,
20.055513285569607,3,35,170.0
20.056839890556972,3,47,72.0
20.059294571839754,1,6,5.0
20.06037584895332,2,137,
20.084753681855194,7,154,156.0
20.087738651023326,8,8,5.0
20.092463549055964,6,32,162.0
20.109853976274053,3,135,102.0
20.115071451740555,7,24,95.0
20.115242987518016,10,26,
20.117931262430922,3,151,164.0
20.121773631635133,7,35,108.0
20.15382122862588,7,178,185.0
20.1590623896082,7,31,123.0
20.159149391665437,1,125,64.0
20.165287254087353,6,2,114.0
20.170836697076926,6,99,12.0
20.184147484862553,3,164,125.0
20.19311324128946,3,49,70.0
20.203100655164516,7,94,156.0
20.20612962657028,9,92,
20.21875714007409,7,135,179.0
20.228282252031942,10,187,
20.231442931095145,3,197,34.0
20.23904672157712,7,59,183.0
20.251004157304493,1,28,92.0
20.26005427897638,3,190,103.0
20.28315710033643,7,169,39.0
20.294086424920987,1,157,144.0
20.29642705876669,3,165,68.0
20.304054210470028,10,164,
20.321522613807428,3,68,43.0
20.328152850657858,7,55,180.0
20.34364071687316,6,72,78.0
20.344748419309916,3,189,50.0
20.34831746002239,2,8,
20.351417124919365,7,58,112.0
20.352731908182342,1,111,71.0
20.365967056975144,3,11,143.0
20.36732413373601,9,118,
20.370249955101226,7,92,59.0
20.413213544894912,1,43,13.0
20.413755602933783,7,15,194.0
20.431863453160133,7,117,34.0
20.440121628690665,2,13,
20.443124164917116,3,80,131.0
20.443651917424255,7,29,188.0
20.448812430136506,4,156,95.0
20.465158888719948,2,164,
20.473466321324416,10,159,
20.49214229311826,9,7,
20.50804406417701,6,114,46.0
20.5086550829567,9,60,
20.52375518127428,7,44,187.0
20.53682222547974,3,99,4.0
20.53759552011959,7,144,78.0
20.542287666817625,10,33,
20.547438199315735,1,122,118.0
20.57954868275696,7,195,156.0
20.597507836356343,1,143,71.0
20.600811278743603,7,67,39.0
20.605010780164577,10,131,
20.635042260108307,5,66,33.0
20.637006581271617,6,35,185.0
20.641266682189173,6,121,132.0
20.645992809400287,5,116,66.0
20.646049712868816,1,185,159.0
20.64684088506202,7,185,194.0
20.64993209418033,4,118,40.0
20.67076854623861,9,17,
20.693883424162614,7,24,20.0
20.699709262903344,7,159,198.0
20.706377699347982,9,146,
20.721478059613595,3,139,46.0
20.737200767380255,7,156,95.0
20.747701483477293,4,164,74.0
20.75108100442854,7,158,16.0
20.755698022408097,4,94,92.0
20.77218804830495,10,122,
20.839756106721627,3,58,28.0
20.841403087775188,2,107,
20.84496974119486,1,101,133.0
20.84552971271001,1,50,181.0
20.85148360299188,3,163,58.0
20.864310664812567,4,68,66.0
20.867926436162485,7,16,122.0
20.868049227543928,7,108,134.0
20.86938570667744,3,185,137.0
20.88808252697038,7,110,120.0
20.895096249149507,9,157,
20.908998590592944,5,156,39.0
20.91118658401208,3,95,31.0
20.938406215222045,10,153,
20.940042419121355,1,90,74.0
20.94052136454032,6,88,135.0
20.953918086009903,5,122,179.0
20.96121935861771,1,29,112.0
20.96447918831232,10,111,
20.967026440098827,7,89,187.0
20.971373849422296,7,89,108.0
20.975390746097123,7,29,112.0
20.986057910838177,3,6,46.0
20.987785145497018,7,152,33.0
20.987986903011617,1,195,193.0
20.988709716342672,9,184,
20.99295276856384,3,129,138.0
20.993675230002644,7,45,184.0
21.001672921796516,7,122,162.0
21.014281453857976,4,155,159.0
21.01958373788843,7,140,39.0
21.019757235344112,7,133,63.0
21.02323404781918,1,40,118.0
21.0474001782747,7,33,169.0
21.051559005768894,7,169,184.0
21.05198129986461,3,177,52.0
21.052068400165112,3,192,61.0
21.06105829943455,5,17,178.0
21.061328772332637,3,175,177.0
21.066414122249636,7,184,170.0
21.07139015875058,2,83,
21.073985693034082,4,166,179.0
21.082294434927487,7,73,68.0
21.09473568946071,3,151,45.0
21.095424402037608,10,28,
21.114452069121352,1,165,159.0
21.128596901916957,1,48,26.0
21.12959289513067,1,127,41.0
21.16352887790122,3,110,23.0
21.195728383374426,3,172,77.0
21.203125562539963,7,75,184.0
21.210851260229916,1,154,150.0
21.213999793598248,9,127,
21.220555606508448,7,66,68.0
21.248364917683105,7,154,33.0
21.24912695862924,1,105,159.0
21.250775868743677,10,51,
21.256751991914033,7,187,16.0
21.260505150209838,1,110,33.0
21.267906502810483,2,33,
21.277239586593225,2,1,
21.286926628196046,1,54,26.0
21.296764457327335,3,145,31.0
21.304512211210266,3,134,195.0
21.305686971755513,7,99,156.0
21.308656187133728,6,175,59.0
21.373590322298067,7,93,7.0
21.376022753747186,4,97,17.0
21.38038060217447,9,97,
21.381512284877633,6,163,149.0
21.38468682420687,3,161,31.0
21.38523536937253,3,100,134.0
21.39300224880895,7,84,97.0
21.402015396627718,6,121,114.0
21.41173738017371,3,22,141.0
21.412944374252504,4,99,179.0
21.430363620583673,7,159,140.0
21.43447169576381,3,78,169.0
21.43649603826812,1,132,7.0
21.479561111162617,2,183,
21.486845374229656,7,97,15.0
21.499356642669845,7,24,52.0
21.501392786820922,7,154,97.0
21.522922089209718,1,198,194.0
21.52517551189972,1,199,120.0
21.52833690403783,7,41,45.0
21.53665677830653,10,132,
21.538274415476376,7,153,168.0
21.555832779762966,4,64,162.0
21.566410795692715,1,152,146.0
21.583637778806988,4,156,11.0
21.585464071654645,3,195,78.0
21.626314276049158,7,185,159.0
21.633378367619294,3,55,102.0
21.65870561014507,3,119,86.0
21.66644879087181,8,112,97.0
21.669484358836105,3,129,78.0
21.681607282053296,7,155,118.0
21.6830692730933,10,43,
21.690979774929225,7,190,184.0
21.699761567900207,7,5,119.0
21.700565111855955,7,185,158.0
21.719814233385407,9,37,
21.726721684098184,5,187,146.0
21.74922598771483,7,74,168.0
21.753796730571683,3,149,141.0
21.759518825441173,10,47,
21.76738370290417,7,152,92.0
21.77197058969679,10,89,
21.772439166811132,7,131,113.0
21.774663967416693,2,120,
21.784938519946863,2,158,
21.7920775762425,7,72,153.0
21.8019625701483,4,28,83.0
21.817155309644328,1,78,71.0
21.835690499378927,3,195,35.0
21.873096045009177,4,12,82.0
21.884795133601532,7,28,57.0
21.89658965280912,1,167,157.0
21.898022130709087,2,157,
21.898538446252907,10,98,
21.90226981577328,4,110,73.0
21.918999835583534,1,196,92.0
21.934303838872736,3,147,55.0
21.938996607767827,4,160,156.0
21.970755081588276,2,37,
21.973611618646103,2,179,
21.975832181864135,3,198,172.0
21.976892817855685,3,31,42.0
21.98075108489102,3,100,172.0
21.98703244290179,10,114,
21.998654615643698,7,178,115.0
21.999778498269155,3,88,34.0
22.001072671569297,7,84,133.0
22.004281904844227,3,68,149.0
22.01325201316232,7,36,92.0
22.014530888397175,1,9,106.0
22.034867265739575,1,148,28.0
22.054608299055403,2,116,
22.061106922868568,10,173,
22.06908391508296,9,198,
22.074355295116668,3,58,76.0
22.108547784939372,2,187,
22.118839165393524,3,103,179.0
22.134374584864936,3,78,95.0
22.135336309496427,10,18,
22.14855783032356,7,172,43.0
22.15489364428027,7,18,186.0
22.161238357992,2,159,
22.17139250823094,7,189,176.0
22.17806985864756,2,198,
22.193248354094642,1,65,173.0
22.193306130028915,3,15,179.0
22.217107394184197,3,94,164.0
22.221292669499082,6,155,32.0
22.231447251836506,7,179,117.0
22.250835744490953,7,43,35.0
22.26075441075364,7,139,112.0
22.278243559079307,7,164,180.0
22.27888946365812,1,62,106.0
22.30149977140938,7,131,84.0
22.31335676453211,7,186,122.0
22.330921627314815,7,127,134.0
22.33328914096837,7,88,112.0
22.33492575915177,7,106,63.0
22.372348721790654,5,98,146.0
22.37821397661634,2,66,
22.38249302985683,6,66,32.0
22.384259352415736,7,94,114.0
22.384420548427016,2,144,
22.38839264289203,3,55,166.0
22.392574728982133,4,149,142.0
22.399703211380363,9,186,
22.41849570378425,3,125,168.0
22.425445531887565,1,177,133.0
22.432917031445594,3,34,189.0
22.437038912130202,1,84,26.0
22.44469391978195,10,152,
22.45556805725949,7,146,90.0
22.46407262592982,1,25,111.0
22.47321032559265,5,21,123.0
22.47886271719179,7,66,71.0
22.491742241451558,7,68,43.0
22.50600326627784,7,125,114.0
22.514210835332886,1,145,186.0
22.519031654705753,9,15,
22.538092790014755,7,40,131.0
22.53969383533522,3,195,137.0
22.542721063601267,7,9,132.0
22.54788461019061,7,188,94.0
22.555312370657138,7,114,67.0
22.555738283568125,3,120,157.0
22.586501136073103,10,25,
22.59051226985871,7,122,187.0
22.633983339152756,10,67,
22.643342514648154,7,122,57.0
22.67114200562594,1,14,15.0
22.673311291923756,5,39,181.0
22.684684661555764,7,198,73.0
22.68731181115214,3,197,66.0
22.705502375556833,7,114,149.0
22.72448159851836,7,39,120.0
22.74260926411962,7,28,162.0
22.74988005051615,4,176,80.0
22.751268922513077,10,65,
22.758542432276524,7,125,43.0
22.775729408770772,1,86,188.0
22.77912772509653,4,60,9.0
22.782960361326143,7,131,83.0
22.78792332304489,7,65,105.0
22.791470675882767,7,8,47.0
22.79233136600078,5,188,25.0
22.80556309427675,2,150,
22.82790123528233,6,88,12.0
22.829983754054403,10,190,
22.83983468760326,1,174,98.0
22.857193561468495,7,67,160.0
22.85795126264708,7,145,186.0
22.85897756273931,6,58,164.0
22.87396122420495,7,26,175.0
22.88171798437883,5,39,131.0
22.900827829732894,1,91,25.0
22.900959380222197,2,41,
22.937550040166645,7,64,159.0
22.941538075172385,7,125,28.0
22.943189087083724,4,172,194.0
22.94627328912417,4,175,89.0
22.957592939388906,3,141,197.0
22.957799726785638,7,99,17.0
22.975272766084757,10,14,
22.978724451632782,3,95,170.0
23.01849978031616,3,72,197.0
23.031965790075432,9,54,
23.037596676706674,1,128,106.0
23.04385161332341,7,132,125.0
23.049944939436326,3,151,34.0
23.06264233704996,3,182,75.0
23.06332927587778,1,52,184.0
23.088127967613698,7,158,38.0
23.090798862037346,7,71,46.0
23.109013527482414,1,76,152.0
23.11072722175689,9,136,
23.11114109813999,3,154,134.0
23.11164422120137,5,146,97.0
23.12741580097815,7,141,152.0
23.132496257335887,3,81,58.0
23.14147262216238,9,143,
23.142861469296232,3,155,30.0
23.149420242248716,7,152,197.0
23.159053628287268,7,6,153.0
23.162934800809285,7,5,6.0
23.16328330026001,10,53,
23.169788656629642,3,88,171.0
23.173553022520075,3,125,57.0
23.17371722909767,3,138,134.0
23.17405449167806,2,26,
23.18254803655945,7,194,198.0
23.196066942403387,7,65,94.0
23.196431653351276,3,158,121.0
23.198817761103445,7,121,74.0
23.200776504487887,3,101,66.0
23.206405536130262,6,149,68.0
23.215285971127404,7,117,13.0
23.249957358272372,3,148,168.0
23.254759534185332,5,39,153.0
23.26311763391704,3,42,185.0
23.31154973156951,7,152,145.0
23.32798161224255,10,4,
23.33959101543322,4,54,58.0
23.34147848250367,4,154,65.0
23.35614903257367,6,45,169.0
23.365357728026115,7,98,63.0
23.37367956785064,7,118,40.0
23.38679929180821,2,74,
23.39633137404661,7,10,156.0
23.40659648840354,5,118,24.0
23.412472899331053,9,125,
23.413904498161656,7,129,71.0
23.42286651064763,4,181,52.0
23.423088587773602,3,149,121.0
23.43820073507184,4,6,104.0
23.448182224574897,1,27,89.0
23.459091641727547,5,71,153.0
23.46601858068998,10,2,
23.473634597137508,10,172,
23.517896840028477,7,50,111.0
23.531018261369326,7,42,188.0
23.55085044000234,7,191,39.0
23.564233190970217,7,149,60.0
23.571017570036688,6,169,139.0
23.582936875590097,9,44,
23.61511167779355,9,128,
23.627852551077098,3,116,11.0
23.630895206634353,10,45,
23.64038544546308,5,180,125.0
23.647507224614333,7,198,186.0
23.654435080549813,3,105,139.0
23.67156646736186,7,157,128.0
23.68410679452313,3,174,11.0
23.706914215795454,3,31,164.0
23.74472639909836,10,36,
23.75921626972201,7,192,194.0
23.76237355051405,7,79,176.0
23.773886557621275,6,198,12.0
23.787182401206564,10,55,
23.787834629748367,7,145,184.0
23.809571310829526,7,16,18.0
23.81254512601097,6,31,95.0
23.824760873877178,7,63,131.0
23.828730292115175,6,169,121.0
23.831316866137637,10,70,
23.858216026317123,7,126,67.0
23.87726086846132,5,73,36.0
23.901374340875208,9,78,
23.909943622276582,1,109,111.0
23.91358950941846,7,14,161.0
23.920375516839883,7,125,145.0
23.925637199569557,4,142,107.0
23.944687081442794,7,184,155.0
23.957554297668004,7,32,78.0
23.96309748371634,7,46,125.0
23.970776526581357,4,144,45.0
23.97725692824601,7,195,136.0
23.982339925620128,4,66,186.0
24.00527359027578,7,123,63.0
24.007308041352015,7,50,64.0
24.020694386268232,7,145,28.0
24.034084232194235,7,144,39.0
24.039706193415448,7,47,37.0
24.0404463043821,3,95,197.0
24.04347835545189,7,17,88.0
24.046060903054947,6,85,151.0
24.05858216597388,7,187,118.0
24.067921277582673,1,99,123.0
24.06950693526588,10,126,
24.07918113867133,5,45,51.0
24.094535961219982,7,45,16.0
24.096766490402448,3,159,161.0
24.09943760288693,7,89,164.0
24.10835095162319,9,68,
24.120848435183113,7,37,156.0
24.132177587322747,5,7,43.0
24.14440451588675,7,80,188.0
24.151999709712452,9,29,
24.153443461808934,7,136,150.0
24.192794839295043,7,98,174.0
24.212631332232174,2,104,
24.21806790275113,7,82,34.0
24.23699186795311,5,2,43.0
24.247790117072014,4,178,171.0
24.26779559320981,2,128,
24.278760491268795,3,80,185.0
24.30873445986276,3,139,158.0
24.322523089166033,6,185,100.0
24.336176390336885,7,121,68.0
24.34826398972618,6,174,84.0
24.352787853901066,3,46,10.0
24.35318254572487,1,166,47.0
24.364901093919052,7,126,93.0
24.38446643686157,7,172,129.0
24.389075057137575,10,99,
24.401240973122743,9,168,
24.40718815787997,6,76,119.0
24.41310122623883,7,158,78.0
24.41423692696976,7,140,73.0
24.428066973924047,7,96,36.0
24.430494967719454,7,191,78.0
24.43957793152629,1,11,168.0
24.490274450553354,2,142,
24.519730236639386,4,138,180.0
24.5311764094968,5,68,99.0
24.549657819600284,7,64,175.0
24.557505038023894,1,58,146.0
24.564361281095326,2,133,
24.56756545926525,6,163,58.0
24.57726909726977,2,108,
24.600175250888107,7,45,19.0
24.600739607184302,7,13,131.0
24.61049407157521,5,180,176.0
24.617121104873103,5,172,168.0
24.620134212661192,3,170,50.0
24.62393075496832,3,72,108.0
24.625202793503533,1,155,132.0
24.635883765900594,4,63,126.0
24.66574531360987,9,147,
24.675130566651927,7,28,166.0
24.676339891845153,10,69,
24.698298951942345,7,168,149.0
24.707530941565274,5,122,131.0
24.714826989970057,3,30,72.0
24.720403812459583,2,47,
24.73236441939943,3,135,166.0
24.75199771698022,3,169,144.0
24.75374206311204,6,110,23.0
24.756365797844392,3,197,163.0
24.772276828095602,7,25,164.0
24.777908850744648,3,20,88.0
24.786042400205446,9,110,
24.802008094671667,3,47,59.0
24.8065536930776,7,111,109.0
24.820772619162316,3,94,162.0
24.821895876966522,2,147,
24.82360791460497,6,50,12.0
24.850364423981368,2,7,
24.855019148494886,7,17,102.0
24.857032245488615,10,105,
24.90054066926848,7,134,106.0
24.90477360056265,5,125,92.0
24.905530314396287,3,42,135.0
24.905697900970893,7,114,198.0
24.910772155733245,3,137,100.0
24.912287184013106,8,156,89.0
24.91416746300148,7,155,18.0
24.914815776267226,1,197,127.0
24.91708568629177,7,114,137.0
24.920334702066572,4,102,92.0
24.92586551048281,7,178,150.0
24.943186292709584,3,177,57.0
24.962159379618047,9,169,
24.964765711837767,3,195,84.0
24.977597806042656,8,21,118.0
24.991466935861272,6,134,195.0
24.994197947432237,7,169,166.0
25.005896145737534,7,122,165.0
25.01220190357631,7,16,168.0
25.024028919177752,10,32,
25.024355947828955,9,195,
25.028042680133304,7,81,169.0
25.03975516061339,2,2,
25.043983812117105,3,116,19.0
25.05729234485701,10,63,
25.07616973882753,7,82,12.0
25.076498543249535,10,196,
25.08462985172053,5,172,117.0
25.093075727680386,5,131,193.0
25.0976655046681,7,92,40.0
25.11112248245143,2,14,
25.135090731351358,1,103,92.0
25.136408721850177,1,46,99.0
25.14230508469197,7,58,146.0
25.162115272768574,7,195,137.0
25.194356609907228,7,188,41.0
25.20720229536996,10,139,
25.21665366880711,5,5,17.0
25.217496194461926,3,34,120.0
25.222425269713145,7,114,16.0
25.225169185363246,3,129,162.0
25.24575223227298,7,117,7.0
25.25044974011606,3,177,59.0
25.25086772998098,9,50,
25.26262525740508,7,65,14.0
25.264547310431528,7,25,138.0
25.268807092625202,5,97,39.0
25.275340846772504,5,172,92.0
25.279908025097434,5,38,173.0
25.28395660654967,2,50,
25.28758176515262,2,36,
25.28830878091811,7,28,154.0
25.28836833809301,2,70,
25.293937813297816,3,199,109.0
25.29472018380902,1,77,69.0
25.332027339884146,10,49,
25.344533130690074,4,176,177.0
25.360541101487012,1,141,132.0
25.364306128279853,3,47,23.0
25.370965500017032,7,58,68.0
25.37295923704915,7,197,169.0
25.38888755165108,3,50,177.0
25.39148701362775,4,116,45.0
25.401328944516262,7,138,78.0
25.404993932662993,3,141,133.0
25.409550689673374,3,76,138.0
25.412916412371597,2,45,
25.418337621614203,5,112,55.0
25.438676470473855,2,114,
25.439019125186718,7,89,175.0
25.447644850546265,7,56,55.0
25.454591300214588,7,78,197.0
25.47309605641366,7,125,94.0
25.497514258908748,8,178,105.0
25.500916619105332,2,29,
25.502155038557973,7,33,63.0
25.50936761571787,5,126,54.0
25.518285273120178,3,174,137.0
25.53004349054459,6,31,197.0
25.553464381324215,3,46,77.0
25.55495918264255,8,178,63.0
25.55813418654498,4,171,122.0
25.568588420788394,6,45,29.0
25.58229355258271,3,197,149.0
25.59121387022367,7,28,83.0
25.594354780565485,3,80,42.0
25.59799319242688,7,26,51.0
25.613175793339444,2,92,
25.631314342583757,7,165,68.0
25.645424333632892,7,138,68.0
25.65752257385718,7,108,98.0
25.66245937877991,7,63,52.0
25.67102337108998,7,58,28.0
25.71130187723296,5,64,178.0
25.713232537921627,7,123,134.0
25.72364834500558,7,69,59.0
25.726012882871228,5,152,24.0
25.73647361173684,3,33,57.0
25.7378865209802,7,0,10.0
25.738089676690116,3,144,14.0
25.751138396977904,7,145,32.0
25.759232484600215,10,119,
25.765286259234156,7,44,31.0
25.77809367405512,10,141,
25.785410782572402,2,49,
25.789040804550172,7,5,171.0
25.804465149210348,5,64,181.0
25.81268011260494,3,177,162.0
25.813656661621682,7,171,178.0
25.824168849743124,4,87,180.0
25.837638624194447,10,16,
25.844827067227996,7,126,171.0
25.86187774611164,7,39,133.0
25.864835196040932,7,168,56.0
25.875378616154435,10,174,
25.877158136219432,7,31,146.0
25.905242262927,7,68,10.0
25.90690014469477,3,145,171.0
25.912229158674595,3,120,137.0
25.918159773592752,3,34,96.0
25.931634256552005,10,154,
25.945252129149424,7,84,122.0
25.971542148375875,10,79,
25.98186340509973,6,159,160.0
25.985198993378997,2,21,
25.996696668301308,9,197,
25.997827899533053,3,145,50.0
26.011670145087454,7,72,197.0
26.013668742324352,7,105,175.0
26.02769428685071,7,73,12.0
26.03143333419009,3,56,26.0
26.032505672376008,3,11,167.0
26.03472608721992,7,69,90.0
26.046603401677785,8,125,168.0
26.0809214903157,1,130,82.0
26.1156868944594,7,36,97.0
26.120007492975052,5,125,73.0
26.133603543678234,5,111,194.0
26.14641966867408,7,175,143.0
26.162543943103522,2,186,
26.168820752026033,7,43,8.0
26.174998999143842,7,184,159.0
26.178326867122657,7,138,197.0
26.178554067508056,7,11,63.0
26.24437805000732,7,64,162.0
26.247678172828373,3,72,150.0
26.252842058855858,3,130,88.0
26.25483130066483,7,169,84.0
26.2620352007733,7,55,102.0
26.262232757014353,7,99,120.0
26.271581902346117,10,160,
26.278462494880667,2,60,
26.286839928184595,7,199,173.0
26.29234759127345,4,102,97.0
26.294705825942504,7,124,45.0
26.297092595019844,7,10,178.0
26.342465479686567,7,125,92.0
26.343789596752682,3,58,96.0
26.346884514821824,7,195,35.0
26.35348500291039,7,148,168.0
26.376564854092386,2,119,
26.389381848902797,7,122,77.0
26.41154743019466,2,110,
26.414751676812674,3,177,179.0
26.418754998328648,7,197,163.0
26.516416097249284,7,170,188.0
26.569052358933007,3,52,84.0
26.570431186506795,5,172,111.0
26.580530180534566,7,164,112.0
26.593281117239943,7,13,43.0
26.616721197680555,8,122,152.0
26.616974069285227,10,9,
26.643266148127807,10,148,
26.65104937917676,10,130,
26.65621254638013,7,175,139.0
26.65781239548374,4,120,65.0
26.670676996625406,7,67,104.0
26.672475744838835,10,30,
26.68850237671943,2,16,
26.69456535120165,7,35,5.0
26.69727374059164,3,104,49.0
26.705462217972396,7,157,30.0
26.733530499870742,7,55,151.0
26.738147263757654,8,5,136.0
26.7650210207794,2,132,
26.767363799403554,2,131,
26.771992445813737,1,22,64.0
26.77337231048991,6,57,165.0
26.777220060294887,10,84,
26.779462320839183,7,120,30.0
26.787325365170645,7,36,152.0
26.794518332451673,6,107,102.0
26.80226754767286,2,38,
26.806671300641852,5,99,125.0
26.8152837265851,8,196,146.0
26.821883069130674,3,75,90.0
26.842161108442998,5,71,24.0
26.85707917166952,1,56,181.0
26.86893976549303,4,63,131.0
26.87662481060527,7,27,174.0
26.90877968348745,2,153,
26.93495980949831,5,188,28.0
26.935117020293166,4,31,98.0
26.936666910182208,7,186,71.0
26.953911417343367,9,27,
26.99002633421016,2,44,
27.016273900720858,3,102,108.0
27.02257630224305,5,73,43.0
27.025037679309552,3,40,75.0
27.032746755257858,7,123,21.0
27.058469525633697,7,146,144.0
27.07114258767685,7,146,145.0
27.071974429816798,6,161,94.0
27.075213785714517,7,5,114.0
27.078038383696384,2,130,
27.092350895012522,7,125,164.0
27.107166910039602,7,172,142.0
27.1210158117728,7,163,64.0
27.122139873424,2,53,
27.123658161956953,2,28,
27.128052516065335,10,109,
27.12865201301973,6,11,108.0
27.136072711371824,7,82,120.0
27.16777140987994,7,192,25.0
27.18442951249889,3,47,66.0
27.19032716534064,3,101,47.0
27.19782886517629,10,151,
27.2013106909308,3,102,36.0
27.210243245729597,7,12,152.0
27.225248769251014,2,194,
27.227016226038128,7,71,153.0
27.227695773379363,7,14,84.0
27.24006783303175,3,40,167.0
27.252914763564767,7,68,198.0
27.261330978834632,5,174,146.0
27.265736718325204,5,154,193.0
27.265944351897787,4,76,51.0
27.290962683540542,9,23,
27.291399821825223,5,156,178.0
27.2974686436498,7,117,42.0
27.297731969933064,7,28,160.0
27.31597155709646,5,71,89.0
27.332742520072156,10,162,
27.338652257784393,10,46,
27.347546284263387,7,162,175.0
27.355974492455687,7,154,170.0
27.35626875282252,7,179,32.0
27.35647254183178,3,185,38.0
27.36153343758016,7,197,66.0
27.36412695681052,2,162,
27.367026009522636,7,170,173.0
27.386926091592443,6,170,50.0
27.38971637604713,7,104,98.0
27.415734251982844,3,185,179.0
27.422782837963084,7,58,181.0
27.428998167505256,7,111,194.0
27.460463109729112,7,123,29.0
27.486169780012624,7,138,180.0
27.48951444233638,4,141,121.0
27.515793476128234,4,45,89.0
27.526420265484234,2,184,
27.52891365654432,7,10,24.0
27.53300294103307,7,59,168.0
27.54252958608355,3,187,194.0
27.54661914828222,10,171,
27.558352677831905,3,88,21.0
27.558816140575267,7,144,68.0
27.565309449666916,7,72,30.0
27.566998391778153,7,145,5.0
27.57028488219782,7,89,131.0
27.603480512228202,6,36,102.0
27.611765304587294,6,144,72.0
27.63371971075146,5,178,127.0
27.65045780132063,7,78,129.0
27.6764437292574,7,174,11.0
27.681769619045248,4,68,185.0
27.688962774684633,7,111,14.0
27.69832039092953,7,39,131.0
27.702828454440912,7,122,131.0
27.713236129216256,7,120,139.0
27.71586417735157,7,198,172.0
27.725808707793263,2,71,
27.738670343293993,7,98,29.0
27.75050129765349,6,16,10.0
27.766648028754837,3,11,52.0
27.77378204000515,6,35,40.0
27.77393597670508,3,74,20.0
27.784259921105026,3,163,114.0
27.800901629722464,7,104,112.0
27.806308768092695,3,102,192.0
27.807266128494124,7,78,48.0
27.810296801670546,5,39,78.0
27.83789318879435,3,177,149.0
27.848000341271142,6,101,66.0
27.879256308749316,3,116,134.0
27.88085700710967,7,123,161.0
27.891971591602235,3,21,41.0
27.904693001733538,7,32,198.0
27.937519319018932,10,85,
27.948776591489178,4,57,188.0
27.961011218626922,7,175,154.0
27.966033794174226,4,197,62.0
27.99499417499245,2,78,
27.99555470957927,5,117,141.0
28.000208082611888,7,164,17.0
28.026792041248168,7,78,39.0
28.037956530933222,2,51,
28.04253814949422,7,195,91.0
28.05589934347018,3,187,8.0
28.06592828271789,3,102,49.0
28.07868004362972,7,192,125.0
28.08328020810181,3,20,137.0
28.099430970945793,7,89,93.0
28.105510702041293,10,10,
28.137832858913495,7,18,87.0
28.19847269328288,7,37,97.0
28.19862372985426,3,170,87.0
28.19888815934434,3,155,134.0
28.209546737089852,7,158,139.0
28.21017515570127,7,50,139.0
28.21993606469631,7,39,108.0
28.265290777906554,7,17,42.0
28.298893369577,7,151,164.0
28.30794742007911,7,11,156.0
28.311752344015204,7,21,64.0
28.32667856675588,4,57,173.0
28.326719820670178,7,172,100.0
28.332849475165276,6,51,76.0
28.344721086170452,2,64,
28.34736692727326,10,56,
28.363032108094522,7,17,159.0
28.382464529425846,2,180,
28.388812130360336,3,164,134.0
28.3951605582722,2,30,
28.398536339282572,4,80,84.0
28.416203078952368,10,76,
28.450773911079242,5,43,105.0
28.460477916413645,3,59,187.0
28.463302632573694,3,28,170.0
28.463694694414173,7,132,65.0
28.478632868945404,7,29,195.0
28.482810075534335,4,171,42.0
28.49946670954092,3,70,77.0
28.54068014597542,6,170,28.0
28.544407313379804,4,159,197.0
28.558388188685672,8,122,171.0
28.568403027575133,7,63,162.0
28.573681249785242,7,70,171.0
28.583275743010695,7,199,195.0
28.590214421571165,4,171,29.0
28.610007101115805,7,100,126.0
28.6147421726447,7,178,194.0
28.640891190394903,3,88,194.0
28.648481332476756,10,121,
28.652665072950725,7,154,134.0
28.6598632458505,7,114,55.0
28.66176248137488,7,99,159.0
28.69526851805629,4,82,142.0
28.708112823690417,7,84,159.0
28.76431758198288,4,58,97.0
28.78878400974355,1,19,105.0
28.799723342824432,5,197,89.0
28.807369043096624,6,37,14.0
28.811554858542777,8,121,141.0
28.83035377955375,4,135,197.0
28.83456041381826,7,131,118.0
28.836150785546103,7,5,137.0
28.844670190009694,7,20,126.0
28.878889512368744,7,193,177.0
28.880282229460295,10,129,
28.880766105497138,7,194,172.0
28.88599101532247,5,112,139.0
28.900863480108804,7,132,178.0
28.90279315310135,7,96,112.0
28.90585065841051,2,168,
28.920423409639707,9,165,
28.93647374606792,3,94,35.0
28.938143771551772,7,125,95.0
28.966539880465223,7,194,24.0
28.993906069920488,7,188,198.0
28.998709638301058,4,13,63.0
29.00965462542534,7,163,73.0
29.011654673897628,7,42,171.0
29.02504831879071,3,180,166.0
29.028284489817988,4,172,120.0
29.035842483023753,2,68,
29.040977170312473,7,73,36.0
29.041313921872714,7,28,188.0
29.053277360318816,6,12,134.0
29.057535027244803,3,114,145.0
29.06188689078241,5,196,173.0
29.062416979273788,9,22,
29.06427934352977,4,43,47.0
29.100365978480234,2,85,
29.106515842315318,9,175,
29.10690141745354,4,117,110.0
29.10902233867802,7,12,148.0
29.112738225543453,7,58,171.0
29.12890391180094,9,155,
29.140729126676536,7,82,142.0
29.150543873601713,6,95,11.0
29.17905217480996,4,30,124.0
29.180948325287204,7,197,149.0
29.185124894643618,4,98,164.0
29.20019873320667,7,193,100.0
29.220962549663856,7,120,172.0
29.225805162148053,7,98,31.0
29.229969127328488,3,108,189.0
29.241037921244413,7,29,171.0
29.25144091092245,3,137,168.0
29.25835587877933,7,159,197.0
29.2743123418679,7,123,68.0
29.275094427226193,7,101,196.0
29.282959605233184,3,185,94.0
29.2865177623057,3,192,144.0
29.307120539115076,2,43,
29.3203055225646,7,188,92.0
29.394054882287566,3,119,185.0
29.401514964897036,7,39,153.0
29.425698184492592,7,99,64.0
29.429805262825287,5,141,24.0
29.434475916294854,7,144,169.0
29.447444731008122,6,14,144.0
29.481031719919475,7,197,135.0
29.490682382869192,7,16,4.0
29.50319250553824,7,159,155.0
29.52168886903471,4,194,196.0
29.58870062492268,2,160,
29.593634803465235,5,154,73.0
29.598382524656284,7,147,55.0
29.611893933117518,7,94,46.0
29.61778163838714,7,18,33.0
29.64408094185234,7,81,122.0
29.654634868559114,9,94,
29.65795519870716,7,110,73.0
29.671114644251716,3,132,58.0
29.67712442326157,3,132,149.0
29.688145993458186,3,33,192.0
29.69381306420339,3,131,194.0
29.72412549864467,2,172,
29.729053278009154,5,188,46.0
29.7318907931828,5,9,84.0
29.749621125096052,7,59,195.0
29.75652261388136,4,94,95.0
29.758282292150067,7,155,88.0
29.768237357214943,3,71,194.0
29.780802620876884,7,35,94.0
29.80392213583553,6,43,2.0
29.805547815624866,10,177,
29.823474965294757,5,154,84.0
29.860497665755478,7,94,185.0
29.86150820177973,7,62,197.0
29.86233183333235,7,172,65.0
29.868839922579138,7,171,88.0
29.87642934951129,7,119,181.0
29.9115261662651,7,185,129.0
29.914645833162098,3,19,168.0
29.92334582317478,7,79,187.0
29.925069846200422,2,63,
29.92633950485951,3,68,179.0
29.92796616873703,5,178,89.0
29.932437333198386,7,132,98.0
29.939376703268216,4,73,179.0
29.95053838119466,3,45,37.0
29.952079501869324,7,98,51.0
29.964314704695436,7,176,80.0
29.97420186462746,6,185,80.0
29.990086911345397,3,38,183.0
30.009408869031315,7,121,149.0
30.022282726761034,3,92,66.0
30.040434314818885,2,9,
30.051646977259168,4,114,117.0
30.06915659855296,7,81,129.0
30.099253635807163,3,58,28.0
30.099959831850008,4,78,73.0
30.126034021798475,3,91,187.0
30.142860011052147,2,141,
30.15448803178833,2,126,
30.17542028398982,6,134,164.0
30.181680771804206,10,11,
30.19403855477366,3,180,192.0
30.2190353896771,10,19,
30.236398546198,4,72,169.0
30.258913480152913,3,162,29.0
30.277169876762258,3,75,113.0
30.280848821614804,5,24,17.0
30.33733761283811,9,91,
30.342773513148558,2,175,
30.352511987560735,4,170,27.0
30.36130709997079,6,29,162.0
30.38114573622261,3,26,44.0
30.389008708813954,7,196,81.0
30.397033551112827,6,108,51.0
30.417339956692835,2,0,
30.452895122727337,3,179,180.0
30.464334510849557,4,195,160.0
30.468676866412927,3,71,35.0
30.471573281222184,4,153,197.0
30.482040783922,3,75,110.0
30.485528906865124,3,131,144.0
30.48794493539393,10,59,
30.509695944405394,5,169,97.0
30.528363237234586,3,50,34.0
30.55035010832396,4,63,69.0
30.576482683887267,4,187,69.0
30.57940144108689,4,51,109.0
30.617150681349916,2,171,
30.626663240253926,4,172,65.0
30.637343016406525,6,28,87.0
30.6398007399089,10,12,
30.640168383385465,9,52,
30.661973747067158,8,97,17.0
30.67867595995834,2,148,
30.698180669305042,7,151,45.0
30.717739237558572,9,3,
30.730631694646426,4,123,107.0
30.770618453889178,7,195,42.0
30.78845992324146,10,145,
30.79437221543841,3,45,90.0
30.80291430210594,10,35,
30.819112081092914,9,77,
30.819620308452386,3,184,147.0
30.83439416864303,10,192,
30.839148802254478,3,43,180.0
30.847486768981277,4,55,33.0
30.867042759211785,4,178,40.0
30.871363948413336,4,24,164.0
30.87801272066116,4,152,102.0
30.88160816527475,4,132,139.0
30.889459004544516,3,170,138.0
30.90071304133525,3,137,95.0
30.92720978257973,5,17,129.0
30.93402727517177,9,170,
30.944903289415873,3,90,138.0
30.956073558094243,10,199,
30.969018615455447,2,192,
30.99694349225917,3,149,2.0
30.997658904773438,4,100,46.0
31.003911852037913,2,56,
31.013614914997184,10,103,
31.026563238279437,3,175,2.0
31.096466126774192,3,164,134.0
31.119139147564994,4,192,3.0
31.13003838633288,3,168,194.0
31.14070803192273,3,66,140.0
31.165503261770734,5,94,125.0
31.174378184588157,2,23,
31.185097671917813,2,112,
31.19830488896201,2,89,
31.20733414323483,4,189,122.0
31.20922501951364,2,139,
31.21124133688,4,119,188.0
31.230091044138717,2,46,
31.24513001702653,4,99,50.0
31.26279414744552,3,141,58.0
31.2726695881327,4,64,117.0
31.281377725238002,2,99,
31.319044727888393,3,80,144.0
31.340257023129055,7,11,23.0
31.350058812102727,3,66,135.0
31.374454098141737,10,40,
31.38311556850444,4,10,110.0
31.39298115909303,4,167,98.0
31.398118478846136,3,138,44.0
31.411355293485112,3,163,58.0
31.414496815579202,6,192,66.0
31.422006320608492,4,154,13.0
31.432062286894688,2,118,
31.444417466266902,3,158,50.0
31.451645080957014,3,187,183.0
31.467885613705928,3,141,66.0
31.46971703193836,8,111,55.0
31.477755924097167,2,136,
31.48282118200502,5,111,32.0
31.48398126138973,4,178,31.0
31.507269367087794,3,187,99.0
31.508588016045383,9,58,
31.50939539308498,4,17,93.0
31.53130515304141,4,42,156.0
31.544139854073716,3,92,49.0
31.570740246616275,4,33,178.0
31.592032896689787,3,153,66.0
31.60283172328495,3,172,162.0
31.62323017800297,2,84,
31.6258789270462,6,168,194.0
31.64632798176806,2,22,
31.64703576334259,3,131,75.0
31.649005350506588,3,88,1.0
31.651889924133478,4,23,39.0
31.652680815997243,5,52,170.0
31.65434490710902,4,183,12.0
31.675728142901058,7,175,174.0
31.735474941541835,3,128,38.0
31.743026540925335,3,142,168.0
31.83083056637028,4,149,195.0
31.842175168165966,3,85,57.0
31.853836133633354,4,154,171.0
31.888254618676445,6,48,185.0
31.92581522668331,4,65,71.0
31.94735049887313,3,14,182.0
31.95511535346203,3,68,88.0
31.971590145223303,4,152,133.0
32.00931835409993,3,36,81.0
32.01568989135278,4,148,11.0
32.01590901333656,3,159,153.0
32.03434083802487,3,166,36.0
32.05969902411287,3,92,78.0
32.127870616345476,3,43,75.0
32.1336158722435,4,184,188.0
32.13688037474043,2,4,
32.15581303295046,3,33,134.0
32.16295611309216,3,163,45.0
32.23094109809825,2,154,
32.23559906285848,3,189,136.0
32.2380498637047,4,15,95.0
32.24189832470825,2,19,
32.26460695666926,5,199,178.0
32.270497040697414,10,166,
32.322745114284295,3,57,120.0
32.35939478838732,4,185,40.0
32.3604816339868,3,33,62.0
32.3721638139251,4,30,197.0
32.37236782052552,4,73,108.0
32.37421977715602,3,36,153.0
32.42157660543443,4,69,83.0
32.45209609778305,5,146,173.0
32.46893455211157,6,45,135.0
32.54414766175595,7,125,57.0
32.562244652904674,4,15,141.0
32.56634334589155,10,113,
32.570575137534995,3,29,34.0
32.58600733853457,4,72,146.0
32.615286025668496,1,161,3.0
32.629427683418584,10,6,
32.63088327237333,7,94,162.0
32.65504049503002,1,93,6.0
32.658170984965146,4,156,185.0
32.67866286860794,4,178,28.0
32.68340322564611,7,181,198.0
32.69291483634202,2,151,
32.709465435888205,4,97,142.0
32.729755763707786,10,161,
32.73485347322583,4,110,58.0
32.73598012618989,3,138,158.0
32.79343713026682,4,43,11.0
32.82190158719696,5,173,199.0
32.825948173563226,5,196,94.0
32.82882752173025,3,50,36.0
32.840434572020214,6,102,49.0
32.867838202974966,4,199,154.0
32.87741883489144,4,83,177.0
32.90013231757786,8,97,98.0
32.915246806455244,7,166,179.0
32.93320175148228,7,123,119.0
32.93327977962465,2,111,
32.95359612351374,4,95,169.0
32.95603312319077,4,66,178.0
32.97623828567076,2,77,
32.98279665052063,3,68,8.0
32.98902705970171,3,154,135.0
33.00127234245791,5,106,197.0
33.00175921819299,2,76,
33.02342611563533,4,97,132.0
33.03084958649128,4,146,57.0
33.05025445816601,4,97,34.0
33.058779497982165,8,69,195.0
33.06382621930911,4,73,134.0
33.09537606690093,4,145,137.0
33.096151787564324,4,71,67.0
33.12465724443976,9,93,
33.129528607188995,6,185,119.0
33.15652544919455,10,88,
33.1881922997766,6,131,63.0
33.23253971523342,5,178,152.0
33.24273034693682,4,183,109.0
33.25099585518722,3,68,144.0
33.26929792812792,10,101,
33.270173716014455,3,63,66.0
33.27259200905342,3,46,13.0
33.276859017967666,4,123,30.0
33.29502387228705,2,18,
33.30634264311657,3,179,172.0
33.342432906739646,5,88,170.0
33.34539720832717,3,185,20.0
33.34796174825745,10,90,
33.383463512590204,4,178,175.0
33.39640944641515,4,177,89.0
33.40957754483678,7,14,125.0
33.4181358616232,8,55,166.0
33.46610359746376,7,178,31.0
33.48012230666181,4,175,197.0
33.50538970274907,4,196,142.0
33.52494118970142,9,86,
33.58812303133631,4,89,123.0
33.59355891809006,5,15,146.0
33.59630261739604,5,40,97.0
33.600844513604564,4,24,57.0
33.61057308267814,2,54,
33.61176594248391,4,13,195.0
33.616650175523155,4,153,91.0
33.62819623303031,2,165,
33.66433542804398,3,147,138.0
33.669846032239676,1,182,25.0
33.69920280883366,2,156,
33.71297488432867,7,71,24.0
33.719736320481985,4,146,42.0
33.733938515015694,8,11,90.0
33.75490597114107,5,39,127.0
33.76706277973132,4,32,43.0
33.77090105405678,3,84,179.0
33.77740298110817,4,1,129.0
33.83720870667142,6,100,137.0
33.92754926162853,3,19,26.0
33.92968058008319,7,134,155.0
33.96122575280329,6,95,29.0
33.96207284580132,3,18,48.0
33.965634566466946,3,29,128.0
33.96873989534098,3,70,149.0
33.97947282745191,4,135,10.0
34.026585539683545,2,117,
34.07174863606976,5,197,10.0
34.077739508575874,3,134,28.0
34.08583402981354,3,64,153.0
34.10222729837534,4,14,125.0
34.14365829420581,7,195,63.0
34.16513792133419,3,118,8.0
34.16743134994719,4,61,177.0
34.20506234837498,3,184,144.0
34.21766465489828,3,28,111.0
34.223002122521095,8,58,113.0
34.22899243897494,3,31,34.0
34.23351539565624,3,95,48.0
34.24725505570032,2,90,
34.26000759585281,2,94,
34.266757665789996,3,149,66.0
34.26938652896592,4,148,169.0
34.27903856427947,6,66,153.0
34.27977903338753,3,141,179.0
34.29355293567725,4,109,168.0
34.31369909971562,2,176,
34.32918027885108,6,117,141.0
34.33343072105031,3,78,128.0
34.39518250003176,1,115,195.0
34.462845339864586,10,167,
34.46856136007213,7,73,83.0
34.48031632955177,2,12,
34.495326736828815,4,152,140.0
34.5106731583951,2,88,
34.52243919825091,4,3,18.0
34.53256059429672,3,139,42.0
34.580707721008665,2,105,
34.60713272977053,3,134,120.0
34.62643302617733,10,185,
34.63118170687129,7,196,194.0
34.66040593490469,3,84,36.0
34.66521544316702,6,183,194.0
34.67462409002434,4,36,58.0
34.68451858734088,5,79,93.0
34.69218960155859,2,15,
34.69237708199073,6,94,164.0
34.73897467138362,3,144,119.0
34.74022222008038,4,69,198.0
34.747742419384416,4,33,129.0
34.7513124446889,3,179,33.0
34.759291156773166,4,22,106.0
34.77482655528096,4,195,132.0
34.8073491398005,4,159,25.0
34.81107425386201,3,21,26.0
34.81850473454754,3,149,68.0
34.830195286774746,4,108,24.0
34.83176509254543,5,170,58.0
34.87234293775556,4,155,108.0
34.89653629334484,4,36,24.0
34.89781165085964,4,98,88.0
35.00468779724179,4,150,188.0
35.02518186943314,3,15,140.0
35.0388704561981,5,199,69.0
35.04656901360837,6,80,175.0
35.066841166620655,3,14,179.0
35.06825641242817,2,124,
35.078599407975005,7,175,197.0
35.08965432820069,10,48,
35.09444627773063,4,1,98.0
35.100965657245766,3,137,18.0
35.10351076282988,5,69,24.0
35.10356816740772,2,40,
35.12233961760166,3,142,118.0
35.129299882658565,3,175,50.0
35.13625170702524,8,39,73.0
35.141074441815846,3,163,96.0
35.16399682910463,3,50,31.0
35.178918652720895,4,88,145.0
35.19053467092689,3,54,40.0
35.19363758227002,4,22,55.0
35.20667164398147,7,30,155.0
35.20875569080612,2,173,
35.220758710331644,2,178,
35.25442960391073,4,163,193.0
35.304519982288355,3,14,63.0
35.31052942012262,3,131,141.0
35.33846470217304,5,98,93.0
35.36537167858829,3,46,18.0
35.38092330603477,3,189,15.0
35.38864304505637,4,122,132.0
35.38962384198765,2,106,
35.42058389044771,7,40,185.0
35.422912884596876,4,58,50.0
35.43924114245135,4,33,73.0
35.46278796539557,6,194,71.0
35.471611067511994,4,41,174.0
35.47510762054757,4,196,111.0
35.476803934895635,3,23,63.0
35.48240563024178,2,181,
35.498394489392325,4,124,188.0
35.510967415313075,7,197,30.0
35.51447923071392,3,21,183.0
35.51524781801859,4,194,129.0
35.52934789549417,3,31,134.0
35.573690756316715,4,65,14.0
35.607923742250954,3,36,164.0
35.61752264619996,6,178,175.0
35.61879815485546,3,34,163.0
35.63218768128282,3,63,105.0
35.65707867908915,3,151,171.0
35.70901829241587,3,71,70.0
35.72921492960624,6,41,176.0
35.76212011781855,2,11,
35.763459189697244,7,122,179.0
35.768184310856235,6,15,14.0
35.77214581335004,4,146,164.0
35.77814569387158,2,127,
35.79425638876424,7,162,161.0
35.80138349120411,4,43,35.0
35.8016622907048,4,75,152.0
35.816283270917474,8,188,25.0
35.81756211569923,3,12,156.0
35.835928513689524,4,188,142.0
35.87105879754965,2,59,
35.87220716780582,2,199,
35.87324717090693,4,122,147.0
35.87389961674924,3,181,29.0
35.8877750608284,3,87,81.0
35.92642784670892,4,173,195.0
35.932954227298126,4,33,39.0
35.9637051097331,3,110,183.0
35.96416805626133,3,47,57.0
35.97357711001606,6,157,120.0
35.97846407970265,10,20,
35.996331517235795,4,154,197.0
36.00106724025153,7,112,55.0
36.01741698663102,2,103,
36.02385537648061,4,145,42.0
36.057850215023755,4,55,45.0
36.092848362145446,3,78,137.0
36.10927213975085,4,124,58.0
36.154015786728166,4,177,45.0
36.16965807401412,4,111,129.0
36.171255332413004,3,157,179.0
36.19041601903339,4,92,55.0
36.193124607562495,6,29,34.0
36.2119109245722,4,98,75.0
36.21767778605919,3,164,154.0
36.24302941187261,4,155,22.0
36.2457764808515,4,174,164.0
36.277865420169846,3,127,22.0
36.28594621569737,4,138,193.0
36.329120310104614,3,64,120.0
36.334700846825754,2,98,
36.3353083927824,4,194,82.0
36.40569924682074,4,92,152.0
36.406850769161345,6,120,135.0
36.41546085301475,5,188,152.0
36.42883695828404,3,72,78.0
36.43442499697816,4,185,151.0
36.468809368369605,4,169,84.0
36.47853970470763,4,197,16.0
36.484945881687835,4,197,187.0
36.487488293221155,3,187,34.0
36.500166391967205,2,48,
36.508111219809756,3,68,192.0
36.52704899920007,3,149,135.0
36.53494015611175,4,32,33.0
36.542897394786486,4,88,188.0
36.55294562764841,4,197,168.0
36.55674322500228,3,117,8.0
36.56618631071657,3,173,28.0
36.57730381767029,7,25,159.0
36.59603294471401,3,80,11.0
36.61100558431097,3,78,149.0
36.617526064556046,3,104,163.0
36.624432522082216,3,159,12.0
36.6528528509612,3,56,78.0
36.65768336251574,6,159,36.0
36.659053339005645,6,12,183.0
36.664214575111146,6,173,131.0
36.69109729308345,5,67,65.0
36.728806722970496,3,63,98.0
36.73979775541886,7,179,146.0
36.758821053739425,3,12,70.0
36.775212725180005,3,7,108.0
36.8080185325735,6,50,102.0
36.8410451904482,4,122,63.0
36.87374980063868,3,162,117.0
36.88041357363684,4,94,146.0
36.88260781896279,4,49,24.0
36.88447701940791,4,159,170.0
36.92206801374797,6,171,60.0
36.95333619825566,2,145,
36.96874456901841,3,43,173.0
36.978477461665705,3,19,175.0
36.985640317853786,2,20,
36.99602622168633,4,195,181.0
36.99867963986222,4,84,6.0
37.01135949753667,5,35,39.0
37.03685327289651,2,52,
37.04815771485263,3,178,11.0
37.06455615175798,3,80,90.0
37.065078809294235,7,188,184.0
37.117831707039535,6,165,63.0
37.138270057354404,6,126,191.0
37.14082610657846,3,194,135.0
37.14848669002218,7,24,164.0
37.15569460224752,4,14,146.0
37.15794169966025,4,170,189.0
37.15910237071965,4,3,162.0
37.18017896454749,3,135,31.0
37.188488032529946,3,149,112.0
37.21800772708155,3,100,84.0
37.22307207852686,5,152,161.0
37.23674993848392,4,65,108.0
37.296971701440896,6,176,180.0
37.30788533963991,4,77,196.0
37.30931808348534,4,124,69.0
37.31531232942777,8,35,39.0
37.32341889675708,3,84,89.0
37.324135883618496,3,83,120.0
37.335656549641236,5,58,152.0
37.34876986028034,3,66,80.0
37.380172146252015,4,69,52.0
37.43230798702861,7,197,11.0
37.453181059146246,3,59,114.0
37.47245243551334,10,115,
37.49753093875636,6,159,12.0
37.50809129458477,3,180,78.0
37.52232513616769,4,91,160.0
37.53521279886528,3,154,44.0
37.53726754087432,3,164,102.0
37.54844898748531,7,71,35.0
37.60456493021978,3,12,42.0
37.64110733762913,3,48,100.0
37.71533239715168,3,189,175.0
37.72781165696275,3,94,88.0
37.735043546566374,3,94,184.0
37.73570713626625,4,45,97.0
37.77150223614226,4,156,197.0
37.827137771423736,4,196,168.0
37.83375105023039,3,84,42.0
37.84501352937359,6,118,194.0
37.85113019420045,3,105,8.0
37.8542612279058,3,181,179.0
37.8869901072382,4,77,197.0
37.88860062569663,4,155,76.0
37.89650645318593,4,185,181.0
37.92700312665679,4,32,34.0
37.92977317578037,4,129,163.0
37.9319457943458,7,197,168.0
37.94002241990104,4,147,58.0
37.98900452294257,7,17,178.0
37.99228382112859,5,143,122.0
37.99481502062363,3,159,187.0
37.999185566399774,7,16,197.0
38.02617146972946,3,66,48.0
38.04876421952523,4,186,146.0
38.05688014561607,4,125,191.0
38.07006213441143,6,2,64.0
38.07592797460582,4,39,71.0
38.11810484919169,3,99,28.0
38.14791792226854,3,118,11.0
38.14796664001781,4,32,89.0
38.16866077627324,3,64,68.0
38.17981434872741,4,185,1.0
38.18079533914425,6,105,159.0
38.19785493950497,3,194,8.0
38.203707734018344,3,198,96.0
38.24134944083797,3,198,14.0
38.262712673488736,4,84,115.0
38.26991033651945,3,156,110.0
38.28542182929932,2,82,
38.29237997601684,8,65,167.0
38.34213806913899,4,66,32.0
38.35966162761061,3,103,78.0
38.39750783305143,2,91,
38.39944483791227,4,135,123.0
38.3996609449099,3,80,194.0
38.41070806279772,4,138,177.0
38.462029541796,6,138,44.0
38.47456518029439,7,169,84.0
38.50595643413632,3,9,85.0
38.57844455112393,6,119,120.0
38.66665197055323,3,108,99.0
38.675403445891604,3,108,51.0
38.76560302322086,4,170,144.0
38.79540654834407,2,79,
38.80213082375612,2,6,
38.8196753313406,3,30,85.0
38.87092999463934,3,147,175.0
38.884153117340375,4,172,25.0
38.914505327521304,4,123,83.0
38.919812838756535,5,65,69.0
38.95289250165704,4,5,98.0
38.95845683790675,3,105,192.0
38.96251051316938,4,50,155.0
38.98435130663387,4,197,92.0
39.14838146648748,6,156,68.0
39.15707716929767,3,191,176.0
39.15749815769858,4,46,32.0
39.172023221435836,5,121,25.0
39.1862710116525,6,117,108.0
39.21959480966888,3,92,61.0
39.2309083604593,3,78,83.0
39.24714963026638,3,133,158.0
39.25486451285213,4,129,28.0
39.25740065615837,3,12,149.0
39.258740956937615,3,7,41.0
39.263747501656546,4,16,35.0
39.273951246824204,6,162,117.0
39.28043398093831,6,68,149.0
39.28177371579391,9,62,
39.297228562173764,3,11,47.0
39.29943734795024,4,155,179.0
39.315964185671575,4,153,97.0
39.3253090280657,3,179,194.0
39.336218720961725,3,192,141.0
39.346916979276806,4,122,168.0
39.35182116311974,3,151,31.0
39.35609864099534,2,121,
39.368768415144224,4,148,166.0
39.36970118833296,4,69,56.0
39.38746946192292,2,27,
39.38864825858902,4,64,195.0
39.3917829424988,3,4,70.0
39.398181063664424,6,66,48.0
39.40617002783035,3,118,90.0
39.435729773718634,4,176,55.0
39.461039110155724,3,23,76.0
39.461429893174795,3,175,26.0
39.47711386311408,3,23,176.0
39.49859003044269,3,37,173.0
39.499100674381275,4,122,120.0
39.520949000840446,7,129,134.0
39.52304682085925,4,197,33.0
39.56516726622548,6,64,178.0
39.589969233673614,6,141,26.0
39.59511780420359,6,94,184.0
39.59760111842008,3,135,100.0
39.607884027226234,3,153,138.0
39.63656442632805,3,43,71.0
39.65745377873811,2,125,
39.721937508652964,3,102,149.0
39.725645306598864,4,123,139.0
39.74451087549911,2,93,
39.77330388902301,3,30,100.0
39.82620124718227,6,117,124.0
39.863443134657786,10,182,
39.89193511021697,3,43,158.0
39.90434971202506,6,71,43.0
39.96756426089401,3,96,120.0
39.986800066234885,6,84,80.0
39.98740132039851,3,191,131.0
40.004998492959565,3,53,23.0
40.04815150764394,2,101,
40.08743520868213,3,199,77.0
40.09075520040743,5,32,115.0
40.09639431735837,3,175,11.0
40.10238770424398,8,97,39.0
40.121115078883015,3,34,198.0
40.157725784924,3,159,0.0
40.17336574789493,6,150,72.0
40.17931517884956,3,4,171.0
40.190910074098255,4,89,143.0
40.19299784159048,6,110,198.0
40.23695475858875,2,182,
40.246910217743206,2,129,
40.24950058605175,3,138,45.0
40.27426567494801,3,137,162.0
40.30047783907672,3,56,12.0
40.34438359713912,2,185,
40.36573005397688,3,184,185.0
40.369303095408206,6,66,63.0
40.371822381564165,6,1,158.0
40.40405956394614,4,178,24.0
40.42529321879378,3,75,20.0
40.426398931013,7,39,38.0
40.43480645671784,4,99,152.0
40.43880536946276,4,30,65.0
40.474697626606215,2,169,
40.4888946420977,3,118,52.0
40.49683859375663,4,55,120.0
40.50732953410605,3,30,54.0
40.51435105785271,6,82,83.0
40.539270510671976,3,89,7.0
40.541476269225114,3,129,185.0
40.55838068178382,3,98,125.0
40.594331506393104,4,7,17.0
40.613400059039904,2,143,
40.627659398531605,3,112,68.0
40.64964502730532,4,73,72.0
40.65844726405096,3,184,175.0
40.68318448202851,4,69,179.0
40.696592289388946,7,5,33.0
40.719004989141375,3,44,94.0
40.71922575491391,6,183,57.0
40.72037158436765,3,34,102.0
40.746071359798265,3,63,140.0
40.748319416242644,6,140,191.0
40.74844310762072,3,165,135.0
40.76459146971317,4,122,149.0
40.782055336425444,3,194,12.0
40.785608123200895,3,40,144.0
40.789861803597695,3,183,64.0
40.79298825745475,6,68,64.0
40.801950428015786,3,129,139.0
40.81833068970409,3,98,168.0
40.83592933532484,4,76,174.0
40.87481093217792,3,43,156.0
40.88176210875901,6,28,178.0
40.90678932066347,3,117,1.0
40.91272956890058,6,181,7.0
40.96030802346647,3,171,92.0
40.974134859888096,4,46,24.0
40.996582835458916,7,58,95.0
41.001375264770374,3,57,108.0
41.01521516286651,7,59,177.0
41.03272209667185,3,61,129.0
41.04560212431674,4,134,67.0
41.04781871503637,4,39,63.0
41.1613172109913,6,72,47.0
41.171330162284995,3,158,18.0
41.17996636713328,3,6,156.0
41.182592367253584,3,28,68.0
41.19914319526584,2,25,
41.225355391115215,3,130,119.0
41.22627479497582,4,149,55.0
41.241493675073045,3,144,26.0
41.25065647745055,2,109,
41.27198580291632,3,98,154.0
41.29322525947861,4,196,78.0
41.311940581573936,3,125,126.0
41.316344397904174,4,10,88.0
41.323876157160505,3,164,191.0
41.32913762838521,3,110,140.0
41.33901174372882,3,145,169.0
41.34425856283892,6,114,59.0
41.381153261207096,3,164,168.0
41.38333000163632,4,80,3.0
41.39478312775285,3,6,172.0
41.41457596500735,3,131,50.0
41.41988620477953,3,169,181.0
41.44572027866192,3,134,7.0
41.477482409970996,6,2,175.0
41.50777200435403,3,149,47.0
41.516145422925426,4,135,65.0
41.5255092701005,3,150,192.0
41.53717493929079,2,190,
41.5655161233111,6,28,134.0
41.571419240419544,3,186,181.0
41.58350157134311,4,61,188.0
41.62064844729597,6,179,180.0
41.629540247504394,4,59,39.0
41.633143711577254,2,55,
41.64559504033348,3,12,109.0
41.65236649204845,6,92,15.0
41.65610659605527,3,11,121.0
41.669238602359,4,73,74.0
41.69526027976119,4,177,31.0
41.75155090839248,2,174,
41.804065779847676,6,159,187.0
41.805778165456196,4,195,42.0
41.810129203665184,3,74,21.0
41.854470381633,3,184,74.0
41.861847729713276,3,102,40.0
41.87917004790016,3,71,159.0
41.88362556995507,3,139,141.0
41.89199098297149,5,32,73.0
41.90042847966952,7,81,39.0
41.90156169001836,3,139,15.0
41.9178718287553,3,143,36.0
41.93591240597223,4,35,169.0
41.950255168967246,3,192,145.0
41.9601768624052,3,29,71.0
42.000048018260166,4,132,39.0
42.00282779734259,2,32,
42.01155821335228,3,72,12.0
42.01641908754046,3,142,114.0
42.040952929468894,6,78,128.0
42.067153737687136,2,113,
42.08266988951244,3,88,23.0
42.08860951114936,3,77,50.0
42.09318480791502,6,98,153.0
42.127285296782865,3,117,145.0
42.224451109910376,8,58,97.0
42.261283211660256,3,19,192.0
42.276842170703354,7,195,78.0
42.27929546091343,6,164,98.0
42.28764773462631,3,100,120.0
42.29234251054758,3,56,176.0
42.29989693730163,3,149,88.0
42.31103205260594,4,126,97.0
42.31413523585612,7,97,150.0
42.32241706027265,3,36,138.0
42.36830931947935,3,149,172.0
42.36983158252722,3,184,102.0
42.37629767665253,3,187,159.0
42.39933077493291,3,78,47.0
42.40095644797917,6,132,149.0
42.45774869455222,2,188,
42.46658632666592,3,34,139.0
42.47347880584376,6,178,199.0
42.490590390120516,3,147,145.0
42.50764144408732,6,42,156.0
42.51847147564845,6,184,1.0
42.53089710432376,4,167,87.0
42.5468833735573,7,97,102.0
42.5510267357161,2,123,
42.56725297482181,3,21,118.0
42.582044240519735,3,129,176.0
42.601053329141116,6,88,98.0
42.61509848774659,3,60,178.0
42.615956599712,5,17,35.0
42.67643021952589,3,38,37.0
42.67869059095697,5,65,39.0
42.684651017963525,3,182,47.0
42.6999301100073,3,164,150.0
42.70000349539814,3,102,64.0
42.7222374072015,3,36,14.0
42.770623661386864,3,162,47.0
42.81101816852136,3,171,194.0
42.833575353111705,6,54,173.0
42.88226453089171,4,162,193.0
42.8926667165378,3,21,148.0
42.90164009378806,4,47,197.0
42.90605243108592,3,85,95.0
42.91666930909603,6,130,184.0
42.917044672501895,3,156,162.0
42.91809984128122,3,94,148.0
42.97405578854962,4,155,21.0
42.980608229913976,6,68,28.0
42.99082274966622,3,185,33.0
42.99182076331149,5,146,35.0
43.00747364814881,3,61,194.0
43.01578817838099,3,168,42.0
43.0160408158343,7,88,170.0
43.02080173315685,3,137,150.0
43.0216336175753,3,156,118.0
43.02493521216675,3,43,124.0
43.05386316639403,4,163,62.0
43.06798456767826,6,120,137.0
43.07541496130085,6,151,129.0
43.08743426398638,3,129,125.0
43.09548535537889,3,66,151.0
43.23415652473486,4,24,23.0
43.24744638213734,2,10,
43.271243708473044,4,65,175.0
43.30646835011614,4,166,158.0
43.318629069666116,3,175,154.0
43.32765476488938,2,170,
43.33796983508113,3,30,46.0
43.35111023173812,6,48,101.0
43.37443856975689,3,136,50.0
43.378613382360584,4,195,187.0
43.38256961736128,3,120,176.0
43.397720031579524,3,103,96.0
43.39803076990099,7,169,35.0
43.401515203066694,3,158,108.0
43.47279201272747,6,179,84.0
43.47593150306486,7,176,177.0
43.48454787379151,3,95,184.0
43.50398765707683,3,8,84.0
43.50675935530362,3,59,153.0
43.53308074017215,3,183,170.0
43.5741573622459,7,155,56.0
43.57621719611398,4,31,86.0
43.65626391178195,4,122,172.0
43.683766815902366,6,156,185.0
43.70420363839626,3,126,149.0
43.70600396643423,6,120,34.0
43.70674977990827,6,102,184.0
43.74370600450227,7,167,98.0
43.74486003794532,3,176,164.0
43.78658557581956,3,92,110.0
43.79008991137884,6,45,138.0
43.79394844910877,3,51,46.0
43.84481158802093,2,5,
43.84994180962004,3,117,40.0
43.851421958069274,3,162,124.0
43.85296555788194,7,125,24.0
43.907834651866494,3,198,102.0
43.926686371250035,3,108,21.0
43.92712291608884,6,137,174.0
43.92887549648875,2,39,
43.95103170300308,4,65,145.0
43.980228222530506,3,119,179.0
43.98606091964997,3,46,47.0
44.01308589789561,3,178,182.0
44.049206506033165,3,79,158.0
44.07129087684314,3,21,180.0
44.073967554966345,3,33,187.0
44.079906830827035,3,5,148.0
44.08353641701967,6,141,29.0
44.09019690279187,2,161,
44.11966145753942,3,70,188.0
44.16521255648602,3,137,29.0
44.170574616976225,3,178,82.0
44.175374558008954,3,80,198.0
44.177687306205506,6,39,59.0
44.18302358874642,6,156,12.0
44.18839461933074,7,45,177.0
44.280986050308094,3,80,168.0
44.28354384366553,3,42,32.0
44.30135283424535,3,63,82.0
44.32726558636298,3,123,16.0
44.33122778373218,3,131,123.0
44.36052583662264,3,45,15.0
44.363597117095004,3,26,135.0
44.378712237750996,3,171,142.0
44.388611779615886,3,198,39.0
44.40250151818948,4,198,166.0
44.49652308422156,4,132,196.0
44.50851745183666,3,187,100.0
44.5152983890171,6,138,170.0
44.521317853325954,6,92,29.0
44.52366708537706,10,42,
44.55393946896564,6,176,55.0
44.56760734927404,3,59,121.0
44.5790118132863,6,153,159.0
44.57923113510006,4,184,155.0
44.61387837264535,3,129,164.0
44.62015125582212,6,129,185.0
44.64192476121754,3,89,179.0
44.64619536194901,6,189,34.0
44.677425848469575,6,141,149.0
44.682332618028866,4,68,58.0
44.692985268521745,3,88,178.0
44.71383684504857,3,27,100.0
44.73494469368435,6,120,134.0
44.73862204393956,3,156,36.0
44.75985315250958,3,194,63.0
44.76448694398276,3,95,186.0
44.7717524082243,6,21,183.0
44.77846004968784,3,101,159.0
44.778763272909885,3,55,137.0
44.793561139003415,7,146,102.0
44.80890226456479,3,176,30.0
44.82018553326354,3,132,46.0
44.8417714933555,3,10,71.0
44.84358260741323,7,17,50.0
44.86000796873799,3,47,169.0
44.86585663926729,2,17,
44.86622748500631,6,46,185.0
44.88624029657993,3,15,170.0
44.897966999631144,3,173,56.0
44.922155436718995,3,44,172.0
44.92901481825889,3,95,108.0
45.00525343696581,3,153,172.0
45.02633114515531,6,45,163.0
45.052067832777865,6,39,124.0
45.0598889705101,6,162,141.0
45.065989128359675,4,84,73.0
45.07835374840065,3,59,78.0
45.09897770617704,6,176,129.0
45.102077862780476,6,55,137.0
45.11231719731562,6,96,120.0
45.116349473484334,3,98,80.0
45.14276970086571,9,189,
45.15780028618708,3,163,23.0
45.1586409847768,4,66,152.0
45.16144098394104,4,139,122.0
45.16969800285788,3,123,185.0
45.18596563058073,3,29,84.0
45.19049583044279,6,107,142.0
45.2130006101747,3,12,48.0
45.24223051250651,3,188,36.0
45.24668752205397,3,17,8.0
45.288086938118276,6,34,171.0
45.29453130490442,2,167,
45.31194512872793,3,88,66.0
45.35207507915859,4,82,155.0
45.359417941476416,7,184,155.0
45.39431123386274,7,197,88.0
45.41631141225183,5,196,177.0
45.41644061200034,3,153,89.0
45.46246231015024,6,170,136.0
45.51614834046882,3,2,114.0
45.5163530257775,3,91,141.0
45.52740243503536,3,183,184.0
45.53559534030695,6,179,194.0
45.548340941477896,3,156,125.0
45.570993828450284,4,26,97.0
45.576655926328215,4,63,73.0
45.58224137059828,4,190,196.0
45.60353759338681,6,162,50.0
45.62748633091404,3,68,47.0
45.66193801184648,7,94,196.0
45.66210554929585,6,63,39.0
45.66228851857252,6,110,156.0
45.68357456722684,6,117,114.0
45.69646523265746,3,64,169.0
45.72580140769332,3,36,4.0
45.727630881720145,4,97,71.0
45.74714379986476,3,33,28.0
45.76019393479956,7,36,24.0
45.781744031805744,3,154,179.0
45.7847494237622,6,132,39.0
45.81932997638156,3,153,102.0
45.84729978614782,3,79,33.0
45.86704749042739,4,152,192.0
45.86785469337174,3,138,78.0
45.869760336627365,6,175,32.0
45.88788654747699,7,178,24.0
45.89342172142599,6,43,124.0
45.903250838131235,3,147,192.0
45.9038148927212,3,128,6.0
45.91196377378663,6,138,50.0
45.916886863219574,3,132,43.0
45.92791989139946,3,68,92.0
45.93457221268061,4,115,48.0
45.96114934582491,4,169,73.0
45.96366342740886,4,128,73.0
45.98442411501746,3,151,184.0
46.00383393981736,3,144,137.0
46.0275950261406,7,146,172.0
46.04897719978208,3,175,158.0
46.154912545321366,6,130,125.0
46.1564266894905,4,146,123.0
46.183934163964096,3,136,164.0
46.19038792750281,7,51,177.0
46.211594908342725,5,3,65.0
46.23006656946846,4,137,146.0
46.27790215468412,6,50,175.0
46.308408222309026,3,180,68.0
46.33692011079066,3,84,160.0
46.344494386948426,6,88,23.0
46.36573888214273,4,195,57.0
46.41686974210767,4,149,193.0
46.44943321986739,7,20,67.0
46.45605492182099,3,91,68.0
46.45946848653671,3,138,50.0
46.47212867388729,3,18,21.0
46.51053705676715,6,132,43.0
46.54977181174526,4,163,97.0
46.552105186555046,3,68,12.0
46.56829748768016,3,133,171.0
46.57671245180062,6,134,188.0
46.5811688377352,3,172,56.0
46.59014845726738,3,135,125.0
46.59800328305431,3,98,149.0
46.60244647622,3,16,98.0
46.60910030882019,3,192,135.0
46.625459829494936,6,14,114.0
46.62752867419903,6,134,0.0
46.63142113692552,3,113,179.0
46.66549800818323,3,125,20.0
46.68867919160967,6,164,168.0
46.69461885504663,3,156,184.0
46.718643212961894,6,180,43.0
46.72054618490974,3,163,71.0
46.72588457020844,3,83,157.0
46.75734540940971,3,139,90.0
46.757411894904756,3,72,91.0
46.75901392846554,6,173,194.0
46.78487013031047,3,109,172.0
46.788606266884216,3,108,49.0
46.812980249997445,3,63,114.0
46.860891500221086,3,187,117.0
46.9481118907576,3,61,39.0
46.9767984977545,3,54,82.0
47.00497477151138,3,43,45.0
47.02427319910001,3,30,104.0
47.03021640492515,3,78,91.0
47.056631906815575,4,138,35.0
47.05674737829222,3,46,181.0
47.06255979679437,4,85,122.0
47.06399099124362,3,162,36.0
47.079625620015975,3,178,171.0
47.14130301701087,3,145,198.0
47.17505807468852,4,67,179.0
47.18697203604139,3,83,117.0
47.23557558380514,3,50,159.0
47.251685338804364,3,32,125.0
47.259801410713806,7,122,63.0
47.264277292491904,3,108,124.0
47.27879307903408,4,132,73.0
47.2800949736252,3,114,192.0
47.28126222428128,6,34,158.0
47.30176493203274,3,83,47.0
47.32825039920863,3,150,148.0
47.34112207763052,3,156,117.0
47.358212309752815,4,162,73.0
47.41264496944817,3,121,52.0
47.41429426581436,4,86,36.0
47.4472577089202,4,152,56.0
47.447608507938206,3,180,92.0
47.45225170367148,2,197,
47.50769407993339,4,113,42.0
47.52685087755625,3,134,173.0
47.553761703791636,3,39,98.0
47.55795019615654,2,73,
47.56216332110576,3,18,38.0
47.57416430628356,3,136,111.0
47.591029023984596,3,66,167.0
47.60024175797145,3,12,45.0
47.607275334417565,6,73,134.0
47.61443283376075,6,13,63.0
47.64114850805412,3,188,75.0
47.65031049525508,4,19,69.0
47.698719740807526,3,110,11.0
47.70145104039235,6,142,149.0
47.70246728012578,3,83,53.0
47.70694447043761,3,199,17.0
47.726639818641345,6,92,55.0
47.74934419467572,3,68,134.0
47.76275611591432,4,196,0.0
47.77531167985095,6,140,66.0
47.78727828063947,3,71,40.0
47.789349888759496,6,184,111.0
47.793851957213846,6,49,95.0
47.807681664556455,3,29,11.0
47.80867562131949,3,14,17.0
47.8106904034434,3,0,142.0
47.81373608922266,3,168,88.0
47.81766945562411,4,152,14.0
47.817819426210335,3,31,70.0
47.82256076337937,3,52,154.0
47.851841503458225,3,198,120.0
47.859088487315724,8,42,195.0
47.86289588674811,3,14,108.0
47.89242976793889,3,145,43.0
47.895940141612705,3,124,55.0
47.92170908918248,3,186,59.0
47.98116186412802,7,122,120.0
47.99113570873723,4,188,155.0
48.04659127638351,2,42,
48.08903904272431,3,34,179.0
48.09199738183777,4,31,122.0
48.103739336477545,3,178,0.0
48.11017166293943,3,154,31.0
48.126761311831714,6,128,33.0
48.169264391602375,3,118,53.0
48.183614160615775,6,45,15.0
48.186397252330025,3,46,197.0
48.2050600765683,6,188,88.0
48.20987253963816,3,118,48.0
48.22605545031215,3,153,170.0
48.24287493829829,3,162,98.0
48.244390996089535,2,65,
48.27976505399662,6,139,34.0
48.286429112027236,4,146,172.0
48.29076318217385,4,115,120.0
48.292613477699994,3,18,45.0
48.2928775621783,6,100,18.0
48.30724039521854,3,114,98.0
48.310628241449855,6,168,88.0
48.34612874262005,3,117,164.0
48.376426519999725,3,25,51.0
48.40752353967205,6,94,187.0
48.40965220399409,3,81,90.0
48.423041315505756,3,119,161.0
48.446829375515634,6,137,162.0
48.45089291491923,3,19,178.0
48.46189988518425,6,135,149.0
48.46497708584544,3,17,82.0
48.46866662272245,3,71,132.0
48.47284476801323,3,137,50.0
48.48780324672061,6,41,89.0
48.522307188454036,3,57,82.0
48.52816054587827,4,95,195.0
48.52973762015801,6,31,134.0
48.54184377310861,3,107,50.0
48.58187699139354,6,9,134.0
48.59103301302278,6,68,179.0
48.61022480831936,6,137,29.0
48.6123856726347,6,194,82.0
48.63524276200188,3,188,179.0
48.69868607117599,6,88,21.0
48.72729352608907,3,39,110.0
48.741360003736546,6,178,108.0
48.77777570272536,3,100,114.0
48.78971020550667,6,1,117.0
48.814331598999956,4,184,97.0
48.82552437380083,3,194,168.0
48.850484067369514,3,36,108.0
48.88205238847119,4,146,32.0
48.90410162068017,6,98,63.0
48.92864610167644,3,96,156.0
48.93243358746344,7,170,35.0
48.93737937102874,3,145,131.0
48.96196320388509,3,198,182.0
48.999196506441656,3,68,95.0
49.01585482496082,6,98,149.0
49.04040895123263,2,67,
49.05087032625589,3,72,50.0
49.070285733740505,6,81,192.0
49.09192415583007,3,114,47.0
49.138731895032635,2,193,
49.18058148596297,6,52,28.0
49.19386712220777,3,175,109.0
49.2005364125477,6,194,171.0
49.23433239447486,6,149,172.0
49.27749806798413,3,147,84.0
49.301747839713045,4,21,152.0
49.319689012602254,3,78,164.0
49.328903270070626,9,87,
49.360588390342706,3,110,175.0
49.37478095569532,3,165,133.0
49.401253505431335,6,91,141.0
49.42523459891086,3,18,57.0
49.46597978936332,6,68,134.0
49.51124083154069,6,84,127.0
49.51867432871668,6,151,66.0
49.52746440894178,3,120,73.0
49.54118805701093,3,113,108.0
49.56082087581831,6,197,156.0
49.58363888226067,6,172,99.0
49.59009620814485,6,20,125.0
49.59749253000476,3,110,94.0
49.611932925507816,6,43,156.0
49.68626034863793,5,189,62.0
49.695188372452186,3,94,118.0
49.716010229452216,3,83,116.0
49.71731906317362,3,192,165.0
49.71818736365197,3,159,38.0
49.722615371446444,3,43,42.0
49.729135970950885,3,75,168.0
49.737638208783295,6,163,144.0
49.76706870038789,3,68,63.0
49.776839862447126,4,122,94.0
49.8281376312365,3,95,162.0
49.84777584170038,7,55,195.0
49.85384435367405,6,23,39.0
49.871006325307484,6,184,156.0
49.87124209101283,3,55,102.0
49.8867388721143,3,199,184.0
49.90001201977647,4,87,6.0
49.90296157937933,3,52,114.0
49.9327812158341,4,63,97.0
49.945169459034325,3,40,49.0
49.98142800383676,6,23,30.0
50.00813145539085,3,80,73.0
